1988;Zemřelí muži podle podrobného seznamu příčin smrti a věku;"";"";"";"";"";"";"";"";"";"";"";"";"";"";"";"";"";"";"";"";"";"";"";""
MKN (1976);Název;Celkem;0;1;2;3;4;5-9;10-14;15-19;20-24;25-29;30-34;35-39;40-44;45-49;50-54;55-59;60-64;65-69;70-74;75-79;80-84;85+;""
"";"";"";"";"";"";"";"";"";"";"";"";"";"";"";"";"";"";"";"";"";"";"";"";"";""
"";CELKEM ZEMŘELÝCH MUŽŮ;63 688;817;42;34;17;35;125;149;286;397;348;620;1 082;1 633;2 151;2 833;4 984;7 408;8 820;7 752;11 368;8 011;4 776;""
"";"";"";"";"";"";"";"";"";"";"";"";"";"";"";"";"";"";"";"";"";"";"";"";"";""
I;Infekční a parazitární nemoci;221;7;-;-;-;-;1;-;-;1;2;2;11;14;7;12;21;26;38;13;34;25;7;""
1;Cholera;-;-;-;-;-;-;-;-;-;-;-;-;-;-;-;-;-;-;-;-;-;-;-;""
2;Břišní tyfus;-;-;-;-;-;-;-;-;-;-;-;-;-;-;-;-;-;-;-;-;-;-;-;""
3;Jiné infekce způsobené salmonelami;4;1;-;-;-;-;-;-;-;-;-;-;-;-;-;-;-;-;1;-;1;1;-;""
4;Bacilární úplavice;-;-;-;-;-;-;-;-;-;-;-;-;-;-;-;-;-;-;-;-;-;-;-;""
5;Jiné otravy potravinami;-;-;-;-;-;-;-;-;-;-;-;-;-;-;-;-;-;-;-;-;-;-;-;""
6;Amébová úplavice;-;-;-;-;-;-;-;-;-;-;-;-;-;-;-;-;-;-;-;-;-;-;-;""
7;Jiné protozoární střevní nemoci;-;-;-;-;-;-;-;-;-;-;-;-;-;-;-;-;-;-;-;-;-;-;-;""
8;Střevní infekce způsobené jinými organismy;-;-;-;-;-;-;-;-;-;-;-;-;-;-;-;-;-;-;-;-;-;-;-;""
9;Nepřesně určené střevní infekce, infekční průjmová onemocnění blíže neurčená;9;4;-;-;-;-;-;-;-;-;-;-;-;1;-;1;-;-;2;-;-;-;1;""
10;Primární tuberkulózní infekce;-;-;-;-;-;-;-;-;-;-;-;-;-;-;-;-;-;-;-;-;-;-;-;""
11;Tuberkulóza plic;98;-;-;-;-;-;-;-;-;-;-;1;5;9;5;6;10;17;13;4;11;11;6;""
12;Jiná tuberkulóza dýchacího ústrojí;1;-;-;-;-;-;-;-;-;-;-;-;-;-;-;-;-;1;-;-;-;-;-;""
13;Tuberkulóza mozkomíšních plen a centrální nervové soustavy;1;-;-;-;-;-;-;-;-;-;-;-;-;-;-;-;1;-;-;-;-;-;-;""
14;Tuberkulóza střev, pobřišnice a uzlin okruží;-;-;-;-;-;-;-;-;-;-;-;-;-;-;-;-;-;-;-;-;-;-;-;""
15;Tuberkulóza kostí a kloubů;1;-;-;-;-;-;-;-;-;-;-;-;-;-;-;-;-;-;-;-;-;1;-;""
16;Tuberkulóza močového a pohlavního ústrojí;1;-;-;-;-;-;-;-;-;-;-;-;-;1;-;-;-;-;-;-;-;-;-;""
17;Tuberkulóza jiných orgánů;2;-;-;-;-;-;-;-;-;-;-;-;-;-;-;-;-;-;-;-;2;-;-;""
18;Miliární, diseminovaná tuberkulóza;6;-;-;-;-;-;-;-;-;-;-;-;1;-;-;-;-;-;2;1;2;-;-;""
20;Mor;-;-;-;-;-;-;-;-;-;-;-;-;-;-;-;-;-;-;-;-;-;-;-;""
21;Tularémie;-;-;-;-;-;-;-;-;-;-;-;-;-;-;-;-;-;-;-;-;-;-;-;""
22;Uhlák, sněť slezinná;-;-;-;-;-;-;-;-;-;-;-;-;-;-;-;-;-;-;-;-;-;-;-;""
23;Vlnivá horečka;-;-;-;-;-;-;-;-;-;-;-;-;-;-;-;-;-;-;-;-;-;-;-;""
24;Vozhřivka;-;-;-;-;-;-;-;-;-;-;-;-;-;-;-;-;-;-;-;-;-;-;-;""
25;Melioidosis;-;-;-;-;-;-;-;-;-;-;-;-;-;-;-;-;-;-;-;-;-;-;-;""
26;Horečka z krysího kousnutí;-;-;-;-;-;-;-;-;-;-;-;-;-;-;-;-;-;-;-;-;-;-;-;""
27;Jiné zoonotické bakteriální nemoci;-;-;-;-;-;-;-;-;-;-;-;-;-;-;-;-;-;-;-;-;-;-;-;""
30;Malomocenství;-;-;-;-;-;-;-;-;-;-;-;-;-;-;-;-;-;-;-;-;-;-;-;""
31;Nemoci způsobené jinými mykobakteriemi;-;-;-;-;-;-;-;-;-;-;-;-;-;-;-;-;-;-;-;-;-;-;-;""
32;Záškrt;-;-;-;-;-;-;-;-;-;-;-;-;-;-;-;-;-;-;-;-;-;-;-;""
33;Dávivý kašel;-;-;-;-;-;-;-;-;-;-;-;-;-;-;-;-;-;-;-;-;-;-;-;""
34;Streptokoková angína a spála;-;-;-;-;-;-;-;-;-;-;-;-;-;-;-;-;-;-;-;-;-;-;-;""
35;Růže;3;-;-;-;-;-;-;-;-;-;-;-;-;-;-;1;1;-;-;-;-;1;-;""
36;Meningokové infekce;3;-;-;-;-;-;1;-;-;-;-;-;-;-;-;-;-;-;1;-;1;-;-;""
37;Tetanus;2;-;-;-;-;-;-;-;-;-;-;-;-;-;-;-;-;1;1;-;-;-;-;""
38;Septikémie;22;1;-;-;-;-;-;-;-;1;-;-;2;1;-;-;1;1;3;2;5;5;-;""
39;Aktinomykotické infekce;1;-;-;-;-;-;-;-;-;-;-;-;-;-;-;-;1;-;-;-;-;-;-;""
40;Jiné bakteriální nemoci;2;-;-;-;-;-;-;-;-;-;-;-;-;-;-;-;-;-;1;-;-;1;-;""
41;Bakteriální infekce při onemocněních zařazených jinde nebo s blíže neurčenou lokalizací;-;-;-;-;-;-;-;-;-;-;-;-;-;-;-;-;-;-;-;-;-;-;-;""
42;Syndrom získaného selhání imunity;-;-;-;-;-;-;-;-;-;-;-;-;-;-;-;-;-;-;-;-;-;-;-;""
45;Akutní dětská obrna;-;-;-;-;-;-;-;-;-;-;-;-;-;-;-;-;-;-;-;-;-;-;-;""
46;Pomalá virová infekce centrální nervové soustavy;-;-;-;-;-;-;-;-;-;-;-;-;-;-;-;-;-;-;-;-;-;-;-;""
47;Meningitis způsobené enterovirem;-;-;-;-;-;-;-;-;-;-;-;-;-;-;-;-;-;-;-;-;-;-;-;""
48;Jiné enterovirové nemoci centrální nervové soustavy;-;-;-;-;-;-;-;-;-;-;-;-;-;-;-;-;-;-;-;-;-;-;-;""
49;Jiné virové nemoci centrální nervové soustavy, nepřenášené členovci;-;-;-;-;-;-;-;-;-;-;-;-;-;-;-;-;-;-;-;-;-;-;-;""
50;Neštovice;-;-;-;-;-;-;-;-;-;-;-;-;-;-;-;-;-;-;-;-;-;-;-;""
51;Kravské neštovice a paravakcinie;-;-;-;-;-;-;-;-;-;-;-;-;-;-;-;-;-;-;-;-;-;-;-;""
52;Plané neštovice;1;-;-;-;-;-;-;-;-;-;-;1;-;-;-;-;-;-;-;-;-;-;-;""
53;Pásový opar;-;-;-;-;-;-;-;-;-;-;-;-;-;-;-;-;-;-;-;-;-;-;-;""
54;Prostý opar;-;-;-;-;-;-;-;-;-;-;-;-;-;-;-;-;-;-;-;-;-;-;-;""
55;Spalničky;-;-;-;-;-;-;-;-;-;-;-;-;-;-;-;-;-;-;-;-;-;-;-;""
56;Zarděnky;-;-;-;-;-;-;-;-;-;-;-;-;-;-;-;-;-;-;-;-;-;-;-;""
57;Jiné virové nemoci s vyrážkou;-;-;-;-;-;-;-;-;-;-;-;-;-;-;-;-;-;-;-;-;-;-;-;""
60;Žlutá zimnice;-;-;-;-;-;-;-;-;-;-;-;-;-;-;-;-;-;-;-;-;-;-;-;""
61;Dengue;-;-;-;-;-;-;-;-;-;-;-;-;-;-;-;-;-;-;-;-;-;-;-;""
62;Virový zánět mozku přenášený komáry;-;-;-;-;-;-;-;-;-;-;-;-;-;-;-;-;-;-;-;-;-;-;-;""
63;Virový zánět mozku přenášený klíšťaty;-;-;-;-;-;-;-;-;-;-;-;-;-;-;-;-;-;-;-;-;-;-;-;""
64;Virový zánět mozku přenášený jinými nebo blíže neurčenými členovci;-;-;-;-;-;-;-;-;-;-;-;-;-;-;-;-;-;-;-;-;-;-;-;""
65;Hemoragická horečka přenášená členovci;-;-;-;-;-;-;-;-;-;-;-;-;-;-;-;-;-;-;-;-;-;-;-;""
66;Jiné virové nemoci přenášené členovci;-;-;-;-;-;-;-;-;-;-;-;-;-;-;-;-;-;-;-;-;-;-;-;""
70;Virový zánět jater;25;-;-;-;-;-;-;-;-;-;1;-;1;-;1;2;2;2;5;2;7;2;-;""
71;Vzteklina;-;-;-;-;-;-;-;-;-;-;-;-;-;-;-;-;-;-;-;-;-;-;-;""
72;Epidemický zánět příušnic;2;-;-;-;-;-;-;-;-;-;-;-;-;-;-;-;1;-;-;1;-;-;-;""
73;Ornithosis, psittacosis;-;-;-;-;-;-;-;-;-;-;-;-;-;-;-;-;-;-;-;-;-;-;-;""
74;Specifické nemoci působené virem Coxsackie;-;-;-;-;-;-;-;-;-;-;-;-;-;-;-;-;-;-;-;-;-;-;-;""
75;Infekční mononukleóza;-;-;-;-;-;-;-;-;-;-;-;-;-;-;-;-;-;-;-;-;-;-;-;""
76;Trachom;-;-;-;-;-;-;-;-;-;-;-;-;-;-;-;-;-;-;-;-;-;-;-;""
77;Jiné nemoci spojivky působené viry a chlamydiemi;-;-;-;-;-;-;-;-;-;-;-;-;-;-;-;-;-;-;-;-;-;-;-;""
78;Jiné nemoci působené viry a chlamydiemi;-;-;-;-;-;-;-;-;-;-;-;-;-;-;-;-;-;-;-;-;-;-;-;""
79;Virové infekce při onemocněních zařazených jinde nebo s blíže neurčenou lokalizací;3;1;-;-;-;-;-;-;-;-;1;-;-;-;-;-;1;-;-;-;-;-;-;""
80;Epidemická skvrnivka - přenášená vešmi;-;-;-;-;-;-;-;-;-;-;-;-;-;-;-;-;-;-;-;-;-;-;-;""
81;Jiná skvrnivka;-;-;-;-;-;-;-;-;-;-;-;-;-;-;-;-;-;-;-;-;-;-;-;""
82;Rickettsiózy přenášené klíšťaty;-;-;-;-;-;-;-;-;-;-;-;-;-;-;-;-;-;-;-;-;-;-;-;""
83;Jiné rickettsiózy;-;-;-;-;-;-;-;-;-;-;-;-;-;-;-;-;-;-;-;-;-;-;-;""
84;Malárie;-;-;-;-;-;-;-;-;-;-;-;-;-;-;-;-;-;-;-;-;-;-;-;""
85;Leishmaniosis;-;-;-;-;-;-;-;-;-;-;-;-;-;-;-;-;-;-;-;-;-;-;-;""
86;Trypanosomiasis;-;-;-;-;-;-;-;-;-;-;-;-;-;-;-;-;-;-;-;-;-;-;-;""
87;Návratná horečka;-;-;-;-;-;-;-;-;-;-;-;-;-;-;-;-;-;-;-;-;-;-;-;""
88;Jiné nemoci přenášené členovci;-;-;-;-;-;-;-;-;-;-;-;-;-;-;-;-;-;-;-;-;-;-;-;""
90;Vrozená syfilis;-;-;-;-;-;-;-;-;-;-;-;-;-;-;-;-;-;-;-;-;-;-;-;""
91;Čerstvá syfilis s příznaky;-;-;-;-;-;-;-;-;-;-;-;-;-;-;-;-;-;-;-;-;-;-;-;""
92;Čerstvá syfilis latentní;-;-;-;-;-;-;-;-;-;-;-;-;-;-;-;-;-;-;-;-;-;-;-;""
93;Kardiovaskulární syfilis;-;-;-;-;-;-;-;-;-;-;-;-;-;-;-;-;-;-;-;-;-;-;-;""
94;Neurosyfilis;1;-;-;-;-;-;-;-;-;-;-;-;-;-;-;-;-;-;-;-;-;1;-;""
95;Jiné formy pozdní syfilidy s příznaky;-;-;-;-;-;-;-;-;-;-;-;-;-;-;-;-;-;-;-;-;-;-;-;""
96;Pozdní syfilid latentní;-;-;-;-;-;-;-;-;-;-;-;-;-;-;-;-;-;-;-;-;-;-;-;""
97;Jiná nebo blíže neurčená syfilis;2;-;-;-;-;-;-;-;-;-;-;-;-;-;-;-;-;-;2;-;-;-;-;""
98;Gonokoková onemocnění;-;-;-;-;-;-;-;-;-;-;-;-;-;-;-;-;-;-;-;-;-;-;-;""
99;Jiné pohlavní nemoci;-;-;-;-;-;-;-;-;-;-;-;-;-;-;-;-;-;-;-;-;-;-;-;""
100;Leptospirosis;3;-;-;-;-;-;-;-;-;-;-;-;1;1;1;-;-;-;-;-;-;-;-;""
101;Vincentova angína;-;-;-;-;-;-;-;-;-;-;-;-;-;-;-;-;-;-;-;-;-;-;-;""
102;Frambézie;-;-;-;-;-;-;-;-;-;-;-;-;-;-;-;-;-;-;-;-;-;-;-;""
103;Pinta;-;-;-;-;-;-;-;-;-;-;-;-;-;-;-;-;-;-;-;-;-;-;-;""
104;Jiné spirochétové infekce;-;-;-;-;-;-;-;-;-;-;-;-;-;-;-;-;-;-;-;-;-;-;-;""
110;Dermatophytosis;-;-;-;-;-;-;-;-;-;-;-;-;-;-;-;-;-;-;-;-;-;-;-;""
111;Dermatomycosis, jiná nebo blíže neurčená;-;-;-;-;-;-;-;-;-;-;-;-;-;-;-;-;-;-;-;-;-;-;-;""
112;Candidosis, moniliasis;-;-;-;-;-;-;-;-;-;-;-;-;-;-;-;-;-;-;-;-;-;-;-;""
114;Coccidioidomycosis;-;-;-;-;-;-;-;-;-;-;-;-;-;-;-;-;-;-;-;-;-;-;-;""
115;Histoplasmosis;-;-;-;-;-;-;-;-;-;-;-;-;-;-;-;-;-;-;-;-;-;-;-;""
116;Blastomykotické infekce;-;-;-;-;-;-;-;-;-;-;-;-;-;-;-;-;-;-;-;-;-;-;-;""
117;Jiné mykózy;3;-;-;-;-;-;-;-;-;-;-;-;1;-;-;1;-;-;1;-;-;-;-;""
118;Dermatomykózy působené potenciálně parazitárními houbami;-;-;-;-;-;-;-;-;-;-;-;-;-;-;-;-;-;-;-;-;-;-;-;""
120;Schistosomiasis;-;-;-;-;-;-;-;-;-;-;-;-;-;-;-;-;-;-;-;-;-;-;-;""
121;Jiné infekce trematody;-;-;-;-;-;-;-;-;-;-;-;-;-;-;-;-;-;-;-;-;-;-;-;""
122;Echinococcosis, hydatidosis - měchožil;-;-;-;-;-;-;-;-;-;-;-;-;-;-;-;-;-;-;-;-;-;-;-;""
123;Jiné infekce cestody;-;-;-;-;-;-;-;-;-;-;-;-;-;-;-;-;-;-;-;-;-;-;-;""
124;Trichinosis;-;-;-;-;-;-;-;-;-;-;-;-;-;-;-;-;-;-;-;-;-;-;-;""
125;Filariasis a dracontiasis;-;-;-;-;-;-;-;-;-;-;-;-;-;-;-;-;-;-;-;-;-;-;-;""
126;Ankylostomiasis a necatoriasis;-;-;-;-;-;-;-;-;-;-;-;-;-;-;-;-;-;-;-;-;-;-;-;""
127;Jiné střevní helmintiázy;-;-;-;-;-;-;-;-;-;-;-;-;-;-;-;-;-;-;-;-;-;-;-;""
128;Jiné a blíže neurčené helmintiázy;-;-;-;-;-;-;-;-;-;-;-;-;-;-;-;-;-;-;-;-;-;-;-;""
129;Střevní parazitismus blíže neurčený;-;-;-;-;-;-;-;-;-;-;-;-;-;-;-;-;-;-;-;-;-;-;-;""
130;Toxoplasmosis;-;-;-;-;-;-;-;-;-;-;-;-;-;-;-;-;-;-;-;-;-;-;-;""
131;Trichomoniasis;-;-;-;-;-;-;-;-;-;-;-;-;-;-;-;-;-;-;-;-;-;-;-;""
132;Zavšivení;-;-;-;-;-;-;-;-;-;-;-;-;-;-;-;-;-;-;-;-;-;-;-;""
133;Acariasis (svrab);-;-;-;-;-;-;-;-;-;-;-;-;-;-;-;-;-;-;-;-;-;-;-;""
134;Jiná napadení;-;-;-;-;-;-;-;-;-;-;-;-;-;-;-;-;-;-;-;-;-;-;-;""
135;Sarcoidosis;1;-;-;-;-;-;-;-;-;-;-;-;-;-;-;-;-;1;-;-;-;-;-;""
136;Jiné a blíže neoznačené infekční a parazitární nemoci;-;-;-;-;-;-;-;-;-;-;-;-;-;-;-;-;-;-;-;-;-;-;-;""
137;Pozdní následky tuberkulózy;24;-;-;-;-;-;-;-;-;-;-;-;-;1;-;1;3;3;6;3;5;2;-;""
138;Pozdní následky akutní poliomyelitidy;-;-;-;-;-;-;-;-;-;-;-;-;-;-;-;-;-;-;-;-;-;-;-;""
139;Pozdní následky jiných infekčních a parazitárních nemocí;-;-;-;-;-;-;-;-;-;-;-;-;-;-;-;-;-;-;-;-;-;-;-;""
"";"";"";"";"";"";"";"";"";"";"";"";"";"";"";"";"";"";"";"";"";"";"";"";"";""
II;Novotvary;15 728;5;3;7;5;4;27;34;37;33;37;100;196;385;655;938;1 749;2 421;2 696;2 035;2 463;1 370;528;""
140;Zhoubný novotvar rtu;23;-;-;-;-;-;-;-;-;-;-;-;-;-;-;-;3;2;5;1;4;3;5;""
141;Zhoubný novotvar jazyka;98;-;-;-;-;-;-;-;-;-;-;1;3;13;16;17;9;16;9;3;4;4;3;""
142;Zhoubný novotvar slinné žlázy;29;-;-;-;-;-;-;-;-;-;-;-;-;-;4;2;4;7;2;7;1;2;-;""
143;Zhoubný novotvar dásně;16;-;-;-;-;-;-;-;-;-;-;-;-;-;4;2;2;2;2;3;-;1;-;""
144;Zhoubný novotvar ústní spodiny;41;-;-;-;-;-;-;-;-;-;-;-;4;4;6;5;8;6;2;2;4;-;-;""
145;Zhoubný novotvar jiné nebo blíže neurčené části úst;20;-;-;-;-;-;-;-;-;-;-;-;-;2;1;5;5;2;2;-;3;-;-;""
146;Zhoubný novotvar ústní částí hltanu;76;-;-;-;-;-;-;-;-;-;-;-;3;6;6;11;17;15;4;3;6;5;-;""
147;Zhoubný novotvar nosohltanu;27;-;-;-;-;-;-;-;-;1;-;-;-;2;2;3;8;5;4;1;-;1;-;""
148;Zhoubný novotvar hypofaryngu;45;-;-;-;-;-;-;-;-;-;-;-;1;2;4;7;10;7;7;5;2;-;-;""
149;Zhoubný novotvar jiné nebo nepřesně určené lokalizace v oblasti rtu, ústní dutiny nebo hltanu;14;-;-;-;-;-;-;-;-;-;-;-;-;1;3;-;2;3;-;2;1;2;-;""
150;Zhoubný novotvar jícnu;242;-;-;-;-;-;-;-;-;-;-;-;5;11;13;24;41;34;40;23;32;14;5;""
151;Zhoubný novotvar žaludku;1 358;-;-;-;-;-;-;-;-;-;3;6;12;14;45;60;134;161;214;216;280;156;57;""
152;Zhoubný novotvar tenkého střeva včetně dvanáctníku;37;-;-;-;-;-;-;-;-;-;-;-;1;1;3;3;1;6;5;6;6;1;4;""
153;Zhoubný novotvar tlustého střeva;1 143;-;-;-;-;-;-;-;1;2;-;5;10;20;31;52;127;155;182;174;221;118;45;""
154;Zhoubný novotvar konečníku, rektosigmoidálního spojení nebo řiti;1 082;-;-;-;-;-;-;-;-;2;-;4;10;21;28;52;110;138;167;154;213;132;51;""
155;Zhoubný novotvar jater a intrahepatálních žlučových cest;488;-;-;-;-;-;2;-;-;-;-;1;5;7;18;31;46;105;111;54;71;25;12;""
156;Zhoubný novotvar žlučníku a extrahepatálních žlučových cest;280;-;-;-;-;-;-;-;-;-;-;-;3;3;3;9;24;29;63;47;58;36;5;""
157;Zhoubný novotvar slinivky břišní;736;-;-;-;-;-;-;-;2;1;1;4;14;16;37;44;84;122;146;97;90;49;29;""
158;Zhoubný novotvar retroperitonea nebo pobřišnice;38;-;1;1;-;1;1;1;1;-;3;-;1;2;3;1;3;5;4;3;4;3;-;""
159;Zhoubný novotvar jiné nebo nepřesně určené lokalizace v oblasti trávicího ústrojí nebo pobřišnice;169;-;-;-;-;-;-;-;-;-;-;-;-;5;2;6;7;15;37;16;38;25;18;""
160;Zhoubný novotvar nosních dutin, středního ucha nebo obličejových dutin;36;-;-;-;-;-;-;-;-;-;-;-;1;2;2;3;9;-;7;5;3;2;2;""
161;Zhoubný novotvar hrtanu;296;-;-;-;-;-;-;-;-;-;-;3;5;13;17;31;44;41;52;35;30;15;10;""
162;Zhoubný novotvar průdušnice, průdušek a plic;5 008;-;-;-;-;-;-;-;1;-;3;7;40;113;257;349;710;999;956;610;575;299;89;""
163;Zhoubný novotvar pohrudnice;26;-;-;-;-;-;-;-;-;-;-;-;-;-;3;4;2;3;5;3;3;2;1;""
164;Zhoubný novotvar brzlíku, srdce nebo mezihrudí;40;-;-;1;-;-;-;-;1;1;-;3;2;1;1;6;4;3;7;4;4;1;1;""
165;Zhoubný novotvar jiné nebo nepřesně určené lokalizace v oblasti dýchacích ústrojí nebo nitrohrudn;15;-;-;-;-;-;-;-;-;-;-;-;-;-;-;2;3;3;1;1;2;3;-;""
170;Zhoubný novotvar kosti nebo kloubní chrupavky;65;-;-;-;-;-;2;1;3;4;-;3;4;7;2;3;6;9;10;3;6;1;1;""
171;Zhoubný novotvar pojivové nebo jiné měkké tkáně;55;-;-;-;-;-;-;3;-;1;-;1;3;4;4;2;6;9;7;3;6;5;1;""
172;Zhoubný melanom kůže;182;-;-;-;-;-;-;-;1;-;2;4;9;18;12;16;21;28;24;13;22;8;4;""
173;Jiný zhoubný novotvar kůže;70;-;-;-;-;-;-;-;-;-;-;-;-;-;3;-;-;6;5;9;16;16;15;""
174;Zhoubný novotvar ženského prsu;x;x;x;x;x;x;x;x;x;x;x;x;x;x;x;x;x;x;x;x;x;x;x;""
175;Zhoubný novotvar mužského prsu;17;-;-;-;-;-;-;-;-;-;-;-;-;-;-;-;3;1;4;6;1;2;-;""
179;Zhoubný novotvar neurčené části dělohy;x;x;x;x;x;x;x;x;x;x;x;x;x;x;x;x;x;x;x;x;x;x;x;""
180;Zhoubný novotvar děložního čípku;x;x;x;x;x;x;x;x;x;x;x;x;x;x;x;x;x;x;x;x;x;x;x;""
181;Zhoubný novotvar lůžka - placenty;x;x;x;x;x;x;x;x;x;x;x;x;x;x;x;x;x;x;x;x;x;x;x;""
182;Zhoubný novotvar děložního těla;x;x;x;x;x;x;x;x;x;x;x;x;x;x;x;x;x;x;x;x;x;x;x;""
183;Zhoubný novotvar vaječníku nebo jiných adnex dělohy;x;x;x;x;x;x;x;x;x;x;x;x;x;x;x;x;x;x;x;x;x;x;x;""
184;Zhoubný novotvar jiného nebo blíže neoznačeného ženského pohlavního orgánu;x;x;x;x;x;x;x;x;x;x;x;x;x;x;x;x;x;x;x;x;x;x;x;""
185;Zhoubný novotvar předstojné žlázy;1 054;-;-;-;-;-;-;-;-;-;-;1;-;-;4;16;30;80;136;196;314;199;78;""
186;Zhoubný novotvar varlete;67;-;-;-;-;-;-;-;3;7;11;13;8;12;2;-;2;-;3;2;3;-;1;""
187;Zhoubný novotvar pyje nebo jiného mužského pohlavního orgánu;30;-;-;-;-;-;-;-;-;-;-;-;-;-;2;1;1;5;5;5;5;6;-;""
188;Zhoubný novotvar močového měchýře;540;-;-;-;-;-;-;-;-;-;-;1;2;5;6;18;28;69;99;68;131;82;31;""
189;Zhoubný novotvar ledviny nebo jiného nebo blíže neurčeného močového orgánu;640;-;-;-;-;-;1;1;1;2;1;1;7;17;32;51;74;123;112;77;82;44;14;""
190;Zhoubný novotvar oka;9;-;-;-;-;-;-;-;-;-;-;-;-;1;-;-;-;1;3;1;-;3;-;""
191;Zhoubný novotvar mozku;275;2;1;3;1;1;9;10;3;-;1;19;18;23;20;28;32;34;37;18;11;2;2;""
192;Zhoubný novotvar jiné nebo blíže neurčené části nervové soustavy;8;-;-;-;-;-;-;-;-;-;-;-;-;1;2;-;1;-;1;1;1;1;-;""
193;Zhoubný novotvar štítné žlázy;34;-;-;-;-;-;-;-;-;-;1;-;3;-;-;1;1;6;4;6;8;3;1;""
194;Zhoubný novotvar jiné žlázy s vnitřní sekrecí nebo příbuzné tkáně;16;-;-;-;-;-;-;-;-;-;-;-;-;2;1;2;-;3;1;2;4;-;1;""
195;Zhoubný novotvar jiné nebo nepřesně určené lokalizace;66;-;-;-;1;-;-;1;-;-;-;-;1;-;4;10;6;9;10;5;10;4;5;""
196;Sekundární nebo blíže neurčený zhoubný novotvar mízních uzlin;-;-;-;-;-;-;-;-;-;-;-;-;-;-;-;-;-;-;-;-;-;-;-;""
197;Sekundární zhoubný novotvar dýchací nebo trávicí soustavy;-;-;-;-;-;-;-;-;-;-;-;-;-;-;-;-;-;-;-;-;-;-;-;""
198;Sekundární zhoubný novotvar jiné určené lokalizace;-;-;-;-;-;-;-;-;-;-;-;-;-;-;-;-;-;-;-;-;-;-;-;""
199;Zhoubný novotvar bez určení lokalizace;234;-;-;-;-;-;-;-;-;-;1;4;2;4;9;11;24;32;40;33;43;24;7;""
200;Lymforarkom a retikulosarkom;60;-;-;-;1;-;1;1;4;-;-;1;1;3;6;4;6;6;7;5;10;4;-;""
201;Hodgkinova nemoc;87;-;1;-;-;-;-;-;1;5;5;3;3;9;5;5;11;11;9;7;3;5;4;""
202;Jiný zhoubný novotvar mízní nebo histiocytární tkáně;190;1;-;-;2;-;4;2;2;3;-;2;4;6;10;12;18;21;36;23;28;12;4;""
203;Mnohočetný myelom a imunoproliferativní novotvary;125;-;-;-;-;-;-;-;-;-;-;-;2;2;3;7;21;18;24;18;21;5;4;""
204;Lymfatická leukémie;206;-;-;1;-;2;5;8;8;1;-;2;-;4;6;6;15;24;32;30;32;23;7;""
205;Myeloidní leukémie;145;1;-;-;-;-;1;3;3;3;4;8;9;3;4;5;11;21;23;14;18;9;5;""
206;Monocytární leukémie;16;-;-;-;-;-;-;1;2;-;-;-;-;-;3;1;1;-;2;2;2;2;-;""
207;Jiná určená leukémie;16;-;-;-;-;-;-;-;-;-;-;-;-;1;1;1;1;4;2;2;3;1;-;""
208;Leukémie blíže neurčeného buněčného typu;45;-;-;1;-;-;1;2;-;-;-;2;-;-;3;1;3;5;7;3;13;2;2;""
210;Nezhoubný novotvar rtu, ústní dutiny a hltanu;-;-;-;-;-;-;-;-;-;-;-;-;-;-;-;-;-;-;-;-;-;-;-;""
211;Nezhoubný novotvar jiné části trávicí soustavy;2;-;-;-;-;-;-;-;-;-;-;-;-;-;-;-;1;-;-;-;-;-;1;""
212;Nezhoubný novotvar dýchacích nebo nitrohrudních orgánů;-;-;-;-;-;-;-;-;-;-;-;-;-;-;-;-;-;-;-;-;-;-;-;""
213;Nezhoubný novotvar kosti nebo kloubní chrupavky;-;-;-;-;-;-;-;-;-;-;-;-;-;-;-;-;-;-;-;-;-;-;-;""
214;Lipom;-;-;-;-;-;-;-;-;-;-;-;-;-;-;-;-;-;-;-;-;-;-;-;""
215;Jiný nezhoubný novotvar pojivové nebo jiné měkké tkáně;-;-;-;-;-;-;-;-;-;-;-;-;-;-;-;-;-;-;-;-;-;-;-;""
216;Nezhoubný novotvar kůže;-;-;-;-;-;-;-;-;-;-;-;-;-;-;-;-;-;-;-;-;-;-;-;""
217;Nezhoubný novotvar prsu;-;-;-;-;-;-;-;-;-;-;-;-;-;-;-;-;-;-;-;-;-;-;-;""
218;Leiomyom dělohy;x;x;x;x;x;x;x;x;x;x;x;x;x;x;x;x;x;x;x;x;x;x;x;""
219;Jiný nezhoubný novotvar dělohy;x;x;x;x;x;x;x;x;x;x;x;x;x;x;x;x;x;x;x;x;x;x;x;""
220;Nezhoubný novotvar vaječníku;x;x;x;x;x;x;x;x;x;x;x;x;x;x;x;x;x;x;x;x;x;x;x;""
221;Nezhoubný novotvar jiného ženského pohlavního orgánu;x;x;x;x;x;x;x;x;x;x;x;x;x;x;x;x;x;x;x;x;x;x;x;""
222;Nezhoubný novotvar mužských pohlavních orgánů;-;-;-;-;-;-;-;-;-;-;-;-;-;-;-;-;-;-;-;-;-;-;-;""
223;Nezhoubný novotvar ledviny nebo jiného močového orgánu;4;-;-;-;-;-;-;-;-;-;-;-;-;-;-;-;-;-;-;-;2;1;1;""
224;Nezhoubný novotvar oka;-;-;-;-;-;-;-;-;-;-;-;-;-;-;-;-;-;-;-;-;-;-;-;""
225;Nezhoubný novotvar mozku nebo jiné části nervové soustavy;22;-;-;-;-;-;-;-;-;-;-;-;-;-;-;2;3;6;9;1;1;-;-;""
226;Nezhoubný novotvar štítné žlázy;1;-;-;-;-;-;-;-;-;-;-;-;-;-;-;-;-;-;1;-;-;-;-;""
227;Nezhoubný novotvar jiné žlázy s vnitřní sekrecí nebo příbuzné tkáně;9;-;-;-;-;-;-;-;-;-;-;-;-;-;-;3;1;-;-;2;3;-;-;""
228;Hemangiom a lymfangiom jakékoliv lokalizace;1;1;-;-;-;-;-;-;-;-;-;-;-;-;-;-;-;-;-;-;-;-;-;""
229;Nezhoubný novotvar jiné nebo blíže neurčené lokalizace;-;-;-;-;-;-;-;-;-;-;-;-;-;-;-;-;-;-;-;-;-;-;-;""
230;Carcinoma in situ trávicí soustavy;-;-;-;-;-;-;-;-;-;-;-;-;-;-;-;-;-;-;-;-;-;-;-;""
231;Carcinoma in situ dýchací soustavy;-;-;-;-;-;-;-;-;-;-;-;-;-;-;-;-;-;-;-;-;-;-;-;""
232;Carcinoma in situ kůže;-;-;-;-;-;-;-;-;-;-;-;-;-;-;-;-;-;-;-;-;-;-;-;""
233;Carcinoma in situ prsu, močového nebo pohlavního ústrojí;-;-;-;-;-;-;-;-;-;-;-;-;-;-;-;-;-;-;-;-;-;-;-;""
234;Carcinoma in situ jiné nebo blíže neurčené lokalizace;-;-;-;-;-;-;-;-;-;-;-;-;-;-;-;-;-;-;-;-;-;-;-;""
235;Novotvar neurčené povahy trávicí nebo dýchací soustavy;13;-;-;-;-;-;-;-;-;-;-;-;-;-;-;1;-;2;2;2;2;3;1;""
236;Novotvar neurčené povahy močového nebo pohlavního ústrojídýchacího ústrojí;3;-;-;-;-;-;-;-;-;-;-;-;-;-;-;-;-;-;-;1;1;1;-;""
237;Novotvar neurčené povahy žlázy s vnitřní sekrecí nebo nervové soustavy;7;-;-;-;-;-;-;-;-;-;-;1;-;1;1;-;1;1;2;-;-;-;-;""
238;Novotvar neurčené povahy jiné nebo blíže neurčené lokalizace nebo tkáně;24;-;-;-;-;-;-;-;-;-;1;-;-;3;1;1;2;1;5;2;6;2;-;""
239;Novotvary neurčené morfologie;7;-;-;-;-;-;-;-;-;-;-;-;-;-;-;1;2;2;-;-;-;1;1;""
"";"";"";"";"";"";"";"";"";"";"";"";"";"";"";"";"";"";"";"";"";"";"";"";"";""
III;Nemoci žláz s vnitřní sekrecí, výživy a přeměny látek a poruchy imunity;908;14;2;1;-;-;1;3;1;2;3;6;8;19;15;36;59;105;167;136;188;109;33;""
240;Struma prostá nebo blíže neurčená;-;-;-;-;-;-;-;-;-;-;-;-;-;-;-;-;-;-;-;-;-;-;-;""
241;Struma uzlová, netoxická-struma nodosa;-;-;-;-;-;-;-;-;-;-;-;-;-;-;-;-;-;-;-;-;-;-;-;""
242;Tyreotoxikóza se strumou nebo bez ní;1;-;-;-;-;-;-;-;-;-;-;-;-;-;-;-;-;-;-;-;1;-;-;""
243;Vrozená hypotyreóza (kretinismus a jiné);1;-;-;-;-;-;-;-;-;-;-;-;-;-;-;-;1;-;-;-;-;-;-;""
244;Získaná hypotyreóza (myxedém a jiné);-;-;-;-;-;-;-;-;-;-;-;-;-;-;-;-;-;-;-;-;-;-;-;""
245;Zánět štítné žlázy - thyreoiditis;-;-;-;-;-;-;-;-;-;-;-;-;-;-;-;-;-;-;-;-;-;-;-;""
246;Jiné nemoci štítné žlázy;-;-;-;-;-;-;-;-;-;-;-;-;-;-;-;-;-;-;-;-;-;-;-;""
250;Cukrovka, úplavice cukrová;860;-;-;-;-;-;-;-;-;2;2;4;6;19;14;33;57;102;165;135;182;107;32;""
251;Jiné poruchy vnitřní sekrece slinivky břišní;-;-;-;-;-;-;-;-;-;-;-;-;-;-;-;-;-;-;-;-;-;-;-;""
252;Nemoci příštítných tělísek - paratyreoidey;-;-;-;-;-;-;-;-;-;-;-;-;-;-;-;-;-;-;-;-;-;-;-;""
253;Nemoci mozkového podvěsku - hypofýzy - a hypothalamo-hypofyzárních vztahů;1;-;-;-;-;-;-;-;-;-;-;-;-;-;-;1;-;-;-;-;-;-;-;""
254;Nemoci brzlíku - thymu;6;5;1;-;-;-;-;-;-;-;-;-;-;-;-;-;-;-;-;-;-;-;-;""
255;Nemoci nadledvin;5;-;-;-;-;-;-;-;-;-;-;1;1;-;1;-;1;-;-;1;-;-;-;""
256;Poruchy činnosti vaječníků;x;x;x;x;x;x;x;x;x;x;x;x;x;x;x;x;x;x;x;x;x;x;x;""
257;Poruchy činnosti varlat;-;-;-;-;-;-;-;-;-;-;-;-;-;-;-;-;-;-;-;-;-;-;-;""
258;Polyglandulární dysfunkce a příbuzné poruchy;-;-;-;-;-;-;-;-;-;-;-;-;-;-;-;-;-;-;-;-;-;-;-;""
259;Jiné nemoci žláz s vnitřní sekrecí;-;-;-;-;-;-;-;-;-;-;-;-;-;-;-;-;-;-;-;-;-;-;-;""
260;Kvašiorkor;-;-;-;-;-;-;-;-;-;-;-;-;-;-;-;-;-;-;-;-;-;-;-;""
261;Nutriční marasmus;2;-;-;-;-;-;-;-;-;-;-;-;1;-;-;-;-;-;1;-;-;-;-;""
262;Jiná těžká proteinokalorická podvýživa;-;-;-;-;-;-;-;-;-;-;-;-;-;-;-;-;-;-;-;-;-;-;-;""
263;Jiná nebo blíže neurčená proteinokalorická podvýživa;-;-;-;-;-;-;-;-;-;-;-;-;-;-;-;-;-;-;-;-;-;-;-;""
264;Karence vitaminu A;-;-;-;-;-;-;-;-;-;-;-;-;-;-;-;-;-;-;-;-;-;-;-;""
265;Karence thiaminu nebo niacinu;-;-;-;-;-;-;-;-;-;-;-;-;-;-;-;-;-;-;-;-;-;-;-;""
266;Karence jiných složek komplexu B;-;-;-;-;-;-;-;-;-;-;-;-;-;-;-;-;-;-;-;-;-;-;-;""
267;Karence kyseliny askorbové;1;-;-;-;-;-;-;-;-;-;-;-;-;-;-;-;-;-;-;-;1;-;-;""
268;Karence vitaminu D;1;1;-;-;-;-;-;-;-;-;-;-;-;-;-;-;-;-;-;-;-;-;-;""
269;Jiné nutriční karence;-;-;-;-;-;-;-;-;-;-;-;-;-;-;-;-;-;-;-;-;-;-;-;""
270;Poruchy transportu a metabolismu aminokyselin;3;2;-;-;-;-;-;-;-;-;-;1;-;-;-;-;-;-;-;-;-;-;-;""
271;Poruchy transportu a metabolismu uhlovodanů;-;-;-;-;-;-;-;-;-;-;-;-;-;-;-;-;-;-;-;-;-;-;-;""
272;Poruchy metabolismu lipidů;-;-;-;-;-;-;-;-;-;-;-;-;-;-;-;-;-;-;-;-;-;-;-;""
273;Poruchy metabolismu plasmatických proteinů;-;-;-;-;-;-;-;-;-;-;-;-;-;-;-;-;-;-;-;-;-;-;-;""
274;Dna;-;-;-;-;-;-;-;-;-;-;-;-;-;-;-;-;-;-;-;-;-;-;-;""
275;Poruchy metabolismu minerálů;-;-;-;-;-;-;-;-;-;-;-;-;-;-;-;-;-;-;-;-;-;-;-;""
276;Poruchy rovnováhy tekutin, elektrolytů a acidobazické rovnováhy;7;1;-;-;-;-;-;-;-;-;-;-;-;-;-;-;-;-;-;-;3;2;1;""
277;Jiné a blíže neurčené poruchy přeměny látek;14;4;-;1;-;-;1;2;1;-;-;-;-;-;-;1;-;2;1;-;1;-;-;""
278;Otylost - obesitas - a jiné hyperlimentace;-;-;-;-;-;-;-;-;-;-;-;-;-;-;-;-;-;-;-;-;-;-;-;""
279;Poruchy postihující mechanismus imunity;6;1;1;-;-;-;-;1;-;-;1;-;-;-;-;1;-;1;-;-;-;-;-;""
"";"";"";"";"";"";"";"";"";"";"";"";"";"";"";"";"";"";"";"";"";"";"";"";"";""
IV;Nemoci krve a krvetvorných orgánů;84;-;-;-;-;-;2;2;1;3;1;3;1;-;2;3;3;11;12;9;12;11;8;""
280;Chudokrevnost z nedostatku železa;1;-;-;-;-;-;-;-;-;-;-;-;-;-;-;1;-;-;-;-;-;-;-;""
281;Jiné karenční anémie;5;-;-;-;-;-;-;-;-;-;-;-;-;-;-;-;-;-;-;-;1;1;3;""
282;Dědičné hemolytické anémie;1;-;-;-;-;-;-;-;-;-;-;-;-;-;-;-;-;-;-;-;-;1;-;""
283;Získané hemolytické anémie;2;-;-;-;-;-;-;-;-;-;-;-;-;-;-;-;-;-;-;-;-;2;-;""
284;Aplastická anémie;25;-;-;-;-;-;-;1;-;1;1;-;-;-;-;-;2;3;5;3;5;4;-;""
285;Jiné a blíže neurčené anémie;10;-;-;-;-;-;-;-;-;-;-;-;-;-;-;-;1;3;-;2;2;1;1;""
286;Koagulační vady;5;-;-;-;-;-;2;1;-;1;-;-;-;-;-;-;-;-;-;-;-;-;1;""
287;Purpura a jiné krvácivé stavy;7;-;-;-;-;-;-;-;1;-;-;2;-;-;-;-;-;1;1;1;-;1;-;""
288;Nemoci bílých krvinek (agranulocytóza a jiné);7;-;-;-;-;-;-;-;-;-;-;-;1;-;2;-;-;-;-;1;1;1;1;""
289;Ostatní nemoci krve a krvetvorných orgánů;21;-;-;-;-;-;-;-;-;1;-;1;-;-;-;2;-;4;6;2;3;-;2;""
"";"";"";"";"";"";"";"";"";"";"";"";"";"";"";"";"";"";"";"";"";"";"";"";"";""
V;Duševí poruchy;226;-;-;-;-;-;-;-;2;2;2;4;19;35;27;30;28;29;24;10;6;5;3;""
290;Senilní a presenilní organická psychotická onemocnění;22;-;-;-;-;-;-;-;-;-;-;-;-;-;-;-;-;3;2;5;4;5;3;""
291;Alkoholické psychózy;5;-;-;-;-;-;-;-;-;-;1;-;-;-;2;1;1;-;-;-;-;-;-;""
292;Toxické psychózy;-;-;-;-;-;-;-;-;-;-;-;-;-;-;-;-;-;-;-;-;-;-;-;""
293;Přechodná organická psychotická onemocnění;-;-;-;-;-;-;-;-;-;-;-;-;-;-;-;-;-;-;-;-;-;-;-;""
294;Jiná organická psychotická onemocnění (chronická);-;-;-;-;-;-;-;-;-;-;-;-;-;-;-;-;-;-;-;-;-;-;-;""
295;Schizofrenní psychózy;6;-;-;-;-;-;-;-;-;1;-;-;1;1;-;1;1;1;-;-;-;-;-;""
296;Afektivní psychózy;-;-;-;-;-;-;-;-;-;-;-;-;-;-;-;-;-;-;-;-;-;-;-;""
297;Paranoidní stavy;-;-;-;-;-;-;-;-;-;-;-;-;-;-;-;-;-;-;-;-;-;-;-;""
298;Jiné neorganické psychózy;-;-;-;-;-;-;-;-;-;-;-;-;-;-;-;-;-;-;-;-;-;-;-;""
299;Psychózy vznikající specifiky v dětství;-;-;-;-;-;-;-;-;-;-;-;-;-;-;-;-;-;-;-;-;-;-;-;""
300;Neurotické poruchy;-;-;-;-;-;-;-;-;-;-;-;-;-;-;-;-;-;-;-;-;-;-;-;""
301;Poruchy osobnosti;-;-;-;-;-;-;-;-;-;-;-;-;-;-;-;-;-;-;-;-;-;-;-;""
302;Sexuální úchylky a poruchy;-;-;-;-;-;-;-;-;-;-;-;-;-;-;-;-;-;-;-;-;-;-;-;""
303;Závislost na alkoholu;190;-;-;-;-;-;-;-;-;1;1;4;18;34;24;28;26;25;22;5;2;-;-;""
304;Závislost na návykových látkách;2;-;-;-;-;-;-;-;1;-;-;-;-;-;1;-;-;-;-;-;-;-;-;""
305;Zneužívání návykových látek bez závislosti;-;-;-;-;-;-;-;-;-;-;-;-;-;-;-;-;-;-;-;-;-;-;-;""
306;Somatické funkční poruchy vyvolané duševními faktory;-;-;-;-;-;-;-;-;-;-;-;-;-;-;-;-;-;-;-;-;-;-;-;""
307;Zvláštní příznaky a syndromy, nezařazené jinde;-;-;-;-;-;-;-;-;-;-;-;-;-;-;-;-;-;-;-;-;-;-;-;""
308;Akutní reakce na stress (přechodné situační poruchy);-;-;-;-;-;-;-;-;-;-;-;-;-;-;-;-;-;-;-;-;-;-;-;""
309;Adaptační reakce;-;-;-;-;-;-;-;-;-;-;-;-;-;-;-;-;-;-;-;-;-;-;-;""
310;Specifické nepsychotické duševní poruchy po organickém poškození mozku;-;-;-;-;-;-;-;-;-;-;-;-;-;-;-;-;-;-;-;-;-;-;-;""
311;Depresivní poruchy nezařazené jinde;-;-;-;-;-;-;-;-;-;-;-;-;-;-;-;-;-;-;-;-;-;-;-;""
312;Poruchy chování nezařazené jinde;-;-;-;-;-;-;-;-;-;-;-;-;-;-;-;-;-;-;-;-;-;-;-;""
313;Poruchy emocí specifické pro dětství a dospívání;-;-;-;-;-;-;-;-;-;-;-;-;-;-;-;-;-;-;-;-;-;-;-;""
314;Hyperkinetický syndrom v dětství;-;-;-;-;-;-;-;-;-;-;-;-;-;-;-;-;-;-;-;-;-;-;-;""
315;Specifická opožďování ve vývoji;-;-;-;-;-;-;-;-;-;-;-;-;-;-;-;-;-;-;-;-;-;-;-;""
316;Psychické faktory sdružené s nemocemi zařazenými jinde;-;-;-;-;-;-;-;-;-;-;-;-;-;-;-;-;-;-;-;-;-;-;-;""
317;Lehká duševní zaostalost (IQ 50-70);-;-;-;-;-;-;-;-;-;-;-;-;-;-;-;-;-;-;-;-;-;-;-;""
318;Jiná přesně určená duševní zaostalost (IQ pod 50);-;-;-;-;-;-;-;-;-;-;-;-;-;-;-;-;-;-;-;-;-;-;-;""
319;Duševní zaostalost blíže neurčená;1;-;-;-;-;-;-;-;1;-;-;-;-;-;-;-;-;-;-;-;-;-;-;""
"";"";"";"";"";"";"";"";"";"";"";"";"";"";"";"";"";"";"";"";"";"";"";"";"";""
VI;Nemoci nervové soustavy a smyslových orgánů;433;15;3;6;2;3;12;12;21;22;13;19;27;35;27;25;40;41;29;26;29;15;11;""
320;Bakteriální zánět mozkových nebo míšních plen - bakteriální meningitis;30;5;1;-;-;-;-;-;3;1;-;-;1;1;2;1;3;5;2;2;2;1;-;""
321;Meningitis vyvolaná jinými organismy;-;-;-;-;-;-;-;-;-;-;-;-;-;-;-;-;-;-;-;-;-;-;-;""
322;Meningitis z blíže neurčené příčiny;3;1;-;-;-;-;-;-;-;-;-;-;-;-;-;-;1;-;-;-;1;-;-;""
323;Zánět mozku, míchy nebo mozku i míchy;11;1;1;-;-;-;1;3;-;1;-;-;-;-;1;1;1;1;-;-;-;-;-;""
324;Nitrolební nebo nitropáteřní hlíza;9;-;-;-;-;-;-;-;1;-;-;1;1;-;2;-;2;-;-;1;1;-;-;""
325;Flebitis nebo thromboflebitis nitrolebních žilních splavů;-;-;-;-;-;-;-;-;-;-;-;-;-;-;-;-;-;-;-;-;-;-;-;""
326;Pozdní následky nitrolebních hlízy nebo pyogenní infekce;-;-;-;-;-;-;-;-;-;-;-;-;-;-;-;-;-;-;-;-;-;-;-;""
330;Mozkové degenerace, projevující se obyčejně v dětství;3;1;-;1;1;-;-;-;-;-;-;-;-;-;-;-;-;-;-;-;-;-;-;""
331;Jiné mozkové degenerace;61;1;-;1;-;-;2;-;1;6;1;1;-;3;1;3;1;7;8;4;7;9;5;""
332;Parkinsonova nemoc;20;-;-;-;-;-;-;-;-;-;-;-;-;-;-;-;2;-;3;4;8;1;2;""
333;Jiné extrapyramidové nemoci a poruchy s abnormálními pohyby;11;-;-;-;-;-;-;-;-;-;-;-;2;2;1;-;2;1;-;2;1;-;-;""
334;Spinocerebelární nemoci;5;-;-;-;-;-;-;-;-;-;-;1;2;-;-;-;1;-;1;-;-;-;-;""
335;Nemoci buněk předních rohů;22;1;-;-;-;1;-;-;1;-;-;2;-;-;3;2;2;3;3;3;1;-;-;""
336;Jiné nemoci míchy;7;-;-;-;-;-;-;-;-;-;-;-;-;-;1;1;2;-;1;2;-;-;-;""
337;Nemoci autonomní nervové soustavy;-;-;-;-;-;-;-;-;-;-;-;-;-;-;-;-;-;-;-;-;-;-;-;""
340;Mnohočetná skleróza;56;-;-;-;-;-;-;-;-;-;2;2;3;8;7;4;9;7;5;5;2;-;2;""
341;Jiné demyelinizující nemoci centrální nervové soustavy;3;-;-;-;-;-;-;-;-;-;-;-;-;-;-;-;-;3;-;-;-;-;-;""
342;Hemiplegie;-;-;-;-;-;-;-;-;-;-;-;-;-;-;-;-;-;-;-;-;-;-;-;""
343;Dětská mozková obrna;43;1;1;3;1;2;6;7;7;3;3;2;3;1;-;1;-;1;1;-;-;-;-;""
344;Jiné paralytické syndromy;-;-;-;-;-;-;-;-;-;-;-;-;-;-;-;-;-;-;-;-;-;-;-;""
345;Padoucnice-epilepsie;90;1;-;-;-;-;1;1;3;7;4;10;14;12;7;8;8;9;4;-;1;-;-;""
346;Migréna;-;-;-;-;-;-;-;-;-;-;-;-;-;-;-;-;-;-;-;-;-;-;-;""
347;Kataplexie a narkolepsie;-;-;-;-;-;-;-;-;-;-;-;-;-;-;-;-;-;-;-;-;-;-;-;""
348;Jiné nemoci mozku;24;1;-;1;-;-;1;-;-;-;1;-;1;3;1;1;4;2;1;2;2;3;-;""
349;Jiné a blíže neurčené nemoci nervové soustavy;8;-;-;-;-;-;-;1;-;-;-;-;-;1;1;-;-;1;-;1;1;-;2;""
350;Nemoci trojklaného nervu;-;-;-;-;-;-;-;-;-;-;-;-;-;-;-;-;-;-;-;-;-;-;-;""
351;Nemoci lícního nervu;-;-;-;-;-;-;-;-;-;-;-;-;-;-;-;-;-;-;-;-;-;-;-;""
352;Nemoci jiných mozkových nervů;-;-;-;-;-;-;-;-;-;-;-;-;-;-;-;-;-;-;-;-;-;-;-;""
353;Nemoci nervových kořenů a pletení;-;-;-;-;-;-;-;-;-;-;-;-;-;-;-;-;-;-;-;-;-;-;-;""
354;Mononeuritis horní končetiny a mononeuritis multiplex;-;-;-;-;-;-;-;-;-;-;-;-;-;-;-;-;-;-;-;-;-;-;-;""
355;Mononeuritis dolní končetiny;-;-;-;-;-;-;-;-;-;-;-;-;-;-;-;-;-;-;-;-;-;-;-;""
356;Dědičná nebo idiopatická periferní neuropatie;-;-;-;-;-;-;-;-;-;-;-;-;-;-;-;-;-;-;-;-;-;-;-;""
357;Zánětlivá nebo toxická neuropatie;8;-;-;-;-;-;-;-;-;1;1;-;-;1;-;2;2;1;-;-;-;-;-;""
358;Myoneurální poruchy;3;-;-;-;-;-;-;-;-;-;-;-;-;-;-;1;-;-;-;-;2;-;-;""
359;Svalové dystrofie a jiné myopatie;12;-;-;-;-;-;-;-;5;3;1;-;-;3;-;-;-;-;-;-;-;-;-;""
360;Nemoci očního bulbu;-;-;-;-;-;-;-;-;-;-;-;-;-;-;-;-;-;-;-;-;-;-;-;""
361;Odchlípení a defekty sítnice;-;-;-;-;-;-;-;-;-;-;-;-;-;-;-;-;-;-;-;-;-;-;-;""
362;Jiné nemoci sítnice;-;-;-;-;-;-;-;-;-;-;-;-;-;-;-;-;-;-;-;-;-;-;-;""
363;Chorioretinální záněty a jizvy a jiné nemoci cévnatky - chorioidey;-;-;-;-;-;-;-;-;-;-;-;-;-;-;-;-;-;-;-;-;-;-;-;""
364;Nemoci duhovky a řasnatého tělesa;-;-;-;-;-;-;-;-;-;-;-;-;-;-;-;-;-;-;-;-;-;-;-;""
365;Zelený zákal - glaukom;-;-;-;-;-;-;-;-;-;-;-;-;-;-;-;-;-;-;-;-;-;-;-;""
366;Zákal čočky - katarakta;-;-;-;-;-;-;-;-;-;-;-;-;-;-;-;-;-;-;-;-;-;-;-;""
367;Poruchy refrakce a akomodace;-;-;-;-;-;-;-;-;-;-;-;-;-;-;-;-;-;-;-;-;-;-;-;""
368;Poruchy vidění;-;-;-;-;-;-;-;-;-;-;-;-;-;-;-;-;-;-;-;-;-;-;-;""
369;Slepota a slabozrakost;-;-;-;-;-;-;-;-;-;-;-;-;-;-;-;-;-;-;-;-;-;-;-;""
370;Zánět rohovky - keratitis;-;-;-;-;-;-;-;-;-;-;-;-;-;-;-;-;-;-;-;-;-;-;-;""
371;Rohovkové zákaly a jiné nemoci rohovky;-;-;-;-;-;-;-;-;-;-;-;-;-;-;-;-;-;-;-;-;-;-;-;""
372;Nemoci spojivky;-;-;-;-;-;-;-;-;-;-;-;-;-;-;-;-;-;-;-;-;-;-;-;""
373;Záněty očních víček;-;-;-;-;-;-;-;-;-;-;-;-;-;-;-;-;-;-;-;-;-;-;-;""
374;Jiné nemoci očních víček;-;-;-;-;-;-;-;-;-;-;-;-;-;-;-;-;-;-;-;-;-;-;-;""
375;Nemoci slzného ústrojí;-;-;-;-;-;-;-;-;-;-;-;-;-;-;-;-;-;-;-;-;-;-;-;""
376;Nemoci očnice;-;-;-;-;-;-;-;-;-;-;-;-;-;-;-;-;-;-;-;-;-;-;-;""
377;Nemoci zrakového nervu a zrakových drah;-;-;-;-;-;-;-;-;-;-;-;-;-;-;-;-;-;-;-;-;-;-;-;""
378;Šilhání a jiné poruchy pohybů oka;-;-;-;-;-;-;-;-;-;-;-;-;-;-;-;-;-;-;-;-;-;-;-;""
379;Jiné nemoci oka;-;-;-;-;-;-;-;-;-;-;-;-;-;-;-;-;-;-;-;-;-;-;-;""
380;Nemoci zevního ucha;-;-;-;-;-;-;-;-;-;-;-;-;-;-;-;-;-;-;-;-;-;-;-;""
381;Nehnisavý zánět středního ucha a poruchy Eustachovy trubice;-;-;-;-;-;-;-;-;-;-;-;-;-;-;-;-;-;-;-;-;-;-;-;""
382;Hnisavý nebo blíže neurčený zánět středního ucha;4;2;-;-;-;-;1;-;-;-;-;-;-;-;-;-;-;-;-;-;-;1;-;""
383;Zánět bradavkového výběžku a příbuzná onemocnění;-;-;-;-;-;-;-;-;-;-;-;-;-;-;-;-;-;-;-;-;-;-;-;""
384;Nemoci bubínku;-;-;-;-;-;-;-;-;-;-;-;-;-;-;-;-;-;-;-;-;-;-;-;""
385;Jiné nemoci středního ucha a bradavkového výběžku;-;-;-;-;-;-;-;-;-;-;-;-;-;-;-;-;-;-;-;-;-;-;-;""
386;Vertiginózní syndromy a jiné nemoci vestibulárního ústrojí;-;-;-;-;-;-;-;-;-;-;-;-;-;-;-;-;-;-;-;-;-;-;-;""
387;Otoskleróza (otospongióza);-;-;-;-;-;-;-;-;-;-;-;-;-;-;-;-;-;-;-;-;-;-;-;""
388;Jiné nemoci ucha;-;-;-;-;-;-;-;-;-;-;-;-;-;-;-;-;-;-;-;-;-;-;-;""
389;Poruchy sluchu;-;-;-;-;-;-;-;-;-;-;-;-;-;-;-;-;-;-;-;-;-;-;-;""
"";"";"";"";"";"";"";"";"";"";"";"";"";"";"";"";"";"";"";"";"";"";"";"";"";""
VII;Nemoci oběhové soustavy;32 875;5;4;-;-;-;4;6;10;20;29;93;264;519;806;1 168;2 215;3 624;4 586;4 379;6 819;5 059;3 265;""
390;Revmatická horečka bez postižení srdce;1;-;-;-;-;-;-;-;-;-;-;-;-;-;-;-;-;-;-;-;-;1;-;""
391;Revmatická horečka s postižením srdce;-;-;-;-;-;-;-;-;-;-;-;-;-;-;-;-;-;-;-;-;-;-;-;""
392;Revmatická chorea;-;-;-;-;-;-;-;-;-;-;-;-;-;-;-;-;-;-;-;-;-;-;-;""
393;Chronická revmatická perikarditis;1;-;-;-;-;-;-;-;-;-;-;-;-;-;-;-;1;-;-;-;-;-;-;""
394;Nemoci dvojcípé chlopně;80;-;-;-;-;-;1;-;-;-;-;-;2;1;8;13;15;11;10;7;9;2;1;""
395;Nemoci aortální chlopně;111;-;-;-;-;-;-;-;-;-;1;1;5;5;8;15;17;16;16;11;14;1;1;""
396;Současné onemocnění chlopně dvojcípé a aortální;100;-;-;-;-;-;-;-;-;-;-;-;-;2;10;10;19;22;19;10;5;3;-;""
397;Jiná postižení srdeční nitroblány;2;-;-;-;-;-;-;-;-;-;-;-;-;-;1;-;-;-;-;-;1;-;-;""
398;Jiné revmatické nemoci srdce;7;-;-;-;-;-;-;-;-;2;-;-;-;-;1;1;1;1;1;-;-;-;-;""
401;Esenciální hypertense;100;-;-;-;-;-;-;-;-;-;-;-;-;1;5;8;12;16;21;10;18;7;2;""
402;Hypertensní kardiopatie;113;-;-;-;-;-;-;-;-;-;-;2;-;2;-;5;10;14;21;12;31;9;7;""
403;Hypertensní nefropatie;41;-;-;-;-;-;-;-;-;-;-;-;-;-;1;2;1;5;5;4;10;7;6;""
404;Hypertensní nefropatie a kardiopatie;8;-;-;-;-;-;-;-;-;-;-;-;-;1;-;-;-;-;4;2;-;-;1;""
405;Sekundární hypertense;-;-;-;-;-;-;-;-;-;-;-;-;-;-;-;-;-;-;-;-;-;-;-;""
410;Akutní infarkt myokardu;10 193;-;-;-;-;-;-;-;1;3;3;33;96;220;351;578;1 056;1 603;1 797;1 365;1 729;959;399;""
411;Jiné akutní nebo subakutní formy ischemické choroby srdeční;235;-;-;-;-;-;-;-;-;-;1;2;5;24;26;24;28;36;25;22;26;9;7;""
412;Infarkt myokardu starší než 8 týdnů;16;-;-;-;-;-;-;-;-;-;-;-;-;-;-;5;4;-;3;-;3;1;-;""
413;Angina pectoris;16;-;-;-;-;-;-;-;-;-;-;-;-;-;1;1;4;2;1;2;3;1;1;""
414;Jiné formy chronické ischemická choroby srdeční;6 352;-;-;-;-;-;-;-;-;-;4;9;47;89;120;163;335;574;772;859;1 357;1 173;850;""
415;Akutní postižení srdce při onemocnění plic;395;-;-;-;-;-;-;-;2;-;1;1;4;5;9;15;20;54;41;66;64;72;41;""
416;Chronické cor pulmonale;152;-;-;-;-;-;-;1;-;-;1;2;-;3;8;7;15;16;25;18;30;19;7;""
417;Jiné nemoci plicního oběhu;2;-;-;-;-;-;-;-;-;-;-;-;-;-;-;-;-;-;1;-;1;-;-;""
420;Akutní zánět osrdečníku;5;-;-;-;-;-;-;-;-;-;-;1;-;-;1;-;-;1;2;-;-;-;-;""
421;Akutní nebo a subakutní zánět srdeční nitroblány;25;-;-;-;-;-;-;1;-;1;1;-;2;3;3;-;2;3;1;4;3;-;1;""
422;Akutní zánět srdečního svalu;10;-;-;-;-;-;-;-;-;-;-;2;2;1;2;1;-;-;-;2;-;-;-;""
423;Jiné nemoci osrdečníku;5;-;-;-;-;-;-;-;-;-;-;-;-;-;1;1;-;-;-;-;2;1;-;""
424;Jiné nemoci srdeční nitroblány;57;-;-;-;-;-;-;-;-;2;1;1;1;3;2;4;11;5;12;5;6;3;1;""
425;Kardiomyopatie;109;4;3;-;-;-;-;1;4;1;5;8;13;13;12;10;11;9;9;1;1;2;2;""
426;Poruchy vedení srdečních vzruchů;3;-;-;-;-;-;-;-;-;-;-;-;-;-;-;-;-;-;1;1;1;-;-;""
427;Srdeční arytmie;89;-;-;-;-;-;-;1;-;-;-;-;1;2;2;1;3;18;11;10;20;16;4;""
428;Selhání srdce;773;1;-;-;-;-;1;-;1;6;2;7;18;18;29;32;62;81;96;76;153;109;81;""
429;Nepřesně popsané srdeční nemoci a komplikace;138;-;-;-;-;-;-;2;-;-;-;1;5;4;4;4;17;11;13;24;23;21;9;""
430;Subarachnoidální kvácení;141;-;-;-;-;-;2;-;1;1;2;8;8;15;22;14;16;18;9;9;8;5;3;""
431;Mozkové krvácení;985;-;-;-;-;-;-;-;-;-;4;6;24;36;55;61;80;128;132;105;162;115;77;""
432;Jiné nebo blíže neurčené nitrolební krvácení;14;-;-;-;-;-;-;-;-;-;-;-;-;1;-;2;2;3;1;1;1;2;1;""
433;Okluze nebo stenóza mimolebečních tepen;37;-;-;-;-;-;-;-;-;-;-;-;1;-;3;1;3;6;10;1;8;3;1;""
434;Okluze mozkových tepen;1 493;-;-;-;-;-;-;-;-;3;2;3;7;15;23;37;82;150;214;214;356;214;173;""
435;Přechodná mozková ischemie;13;-;-;-;-;-;-;-;-;-;-;-;-;-;-;1;-;2;4;-;4;1;1;""
436;Akutní, ale nepřesně určená cévní onemocnění mozku;5 392;-;-;-;-;-;-;-;-;-;-;1;3;13;33;62;200;431;698;853;1 402;1 064;632;""
437;Jiná a nepřesně určená cévní onemocnění mozku;1 496;-;-;-;-;-;-;-;-;-;-;-;2;5;8;10;28;66;150;182;389;363;293;""
438;Pozdní následky cévních onemocnění mozku;6;-;-;-;-;-;-;-;-;-;-;-;-;-;-;-;-;1;-;1;2;-;2;""
440;Ateroskleróza (mimo tepny mozkové, věnčité, mezenterickou, plicní a ledvinné tepénky);3 357;-;-;-;-;-;-;-;-;-;-;3;9;20;27;44;93;224;317;377;830;792;621;""
441;Výduť srdečnice;183;-;-;-;-;-;-;-;-;1;1;1;3;6;5;12;17;27;36;19;33;15;7;""
442;Jiné výdutě;20;-;-;-;-;-;-;-;-;-;-;-;-;-;2;1;4;3;3;2;3;-;2;""
443;Jiné nemoci periferních tepen;16;-;-;-;-;-;-;-;-;-;-;-;-;1;1;2;1;1;1;4;3;2;-;""
444;Tepenný vmetek nebo trombóza;69;-;-;-;-;-;-;-;-;-;-;-;1;3;3;2;4;7;20;6;13;6;4;""
446;Polyarteriitis nodosa a příbuzná onemocnění;1;-;1;-;-;-;-;-;-;-;-;-;-;-;-;-;-;-;-;-;-;-;-;""
447;Jiné nemoci tepen a tepének;3;-;-;-;-;-;-;-;-;-;-;-;-;-;-;-;1;1;-;-;-;1;-;""
448;Nemoci vlásečnic;-;-;-;-;-;-;-;-;-;-;-;-;-;-;-;-;-;-;-;-;-;-;-;""
451;Zánět žil;388;-;-;-;-;-;-;-;1;-;-;1;3;5;12;16;24;43;64;80;69;50;20;""
452;Trombóza vrátnice;3;-;-;-;-;-;-;-;-;-;-;-;-;1;1;-;-;1;-;-;-;-;-;""
453;Jiné žilní embolie a trombózy;68;-;-;-;-;-;-;-;-;-;-;-;2;-;3;2;7;11;12;7;16;5;3;""
454;Žilní městky na dolních končetinách;37;-;-;-;-;-;-;-;-;-;-;-;-;1;2;1;5;2;7;4;8;4;3;""
455;Hemoroidy;-;-;-;-;-;-;-;-;-;-;-;-;-;-;-;-;-;-;-;-;-;-;-;""
456;Žilní městky jiných lokalizací;14;-;-;-;-;-;-;-;-;-;-;-;-;-;1;-;4;1;1;3;2;1;1;""
457;Neinfekční nemoci mízních cest;-;-;-;-;-;-;-;-;-;-;-;-;-;-;-;-;-;-;-;-;-;-;-;""
458;Hypotense;-;-;-;-;-;-;-;-;-;-;-;-;-;-;-;-;-;-;-;-;-;-;-;""
459;Jiné nemoci oběhové soustavy;-;-;-;-;-;-;-;-;-;-;-;-;-;-;-;-;-;-;-;-;-;-;-;""
"";"";"";"";"";"";"";"";"";"";"";"";"";"";"";"";"";"";"";"";"";"";"";"";"";""
VIII;Nemoci dýchací soustavy;3 397;21;6;3;1;2;5;9;15;10;11;21;37;47;73;109;192;335;420;423;703;585;369;""
460;Akutní zánět nosohltanu;5;1;-;-;-;-;-;1;-;-;-;-;-;-;-;-;-;1;1;1;-;-;-;""
461;Akutní zánět vedlejších nosních dutin;1;-;-;-;-;-;-;-;-;-;-;1;-;-;-;-;-;-;-;-;-;-;-;""
462;Akutní zanět hltanu;1;-;-;-;-;1;-;-;-;-;-;-;-;-;-;-;-;-;-;-;-;-;-;""
463;Akutní zánět mandlí;-;-;-;-;-;-;-;-;-;-;-;-;-;-;-;-;-;-;-;-;-;-;-;""
464;Akutní zánět hrtanu a průdušnice;9;1;2;1;-;-;-;-;-;1;1;-;-;-;-;2;-;-;-;1;-;-;-;""
465;Akutní infekce horních cest dýchacích na více místech nebo na místě blíže neurčeném NS;2;-;-;-;-;-;-;-;1;-;-;-;1;-;-;-;-;-;-;-;-;-;-;""
466;Akutní zánět průdušek a průdušinek;20;7;-;-;-;-;1;-;1;-;1;-;-;1;1;1;-;-;1;2;2;2;-;""
470;Vybočení nosní přepážky;-;-;-;-;-;-;-;-;-;-;-;-;-;-;-;-;-;-;-;-;-;-;-;""
471;Nosní polypy;-;-;-;-;-;-;-;-;-;-;-;-;-;-;-;-;-;-;-;-;-;-;-;""
472;Chronický zánět hltanu nebo nosohltanu;-;-;-;-;-;-;-;-;-;-;-;-;-;-;-;-;-;-;-;-;-;-;-;""
473;Chronický zánět vedlejších nosních dutin;-;-;-;-;-;-;-;-;-;-;-;-;-;-;-;-;-;-;-;-;-;-;-;""
474;Chronické nemoci mandlí a adenoidní tkáně;-;-;-;-;-;-;-;-;-;-;-;-;-;-;-;-;-;-;-;-;-;-;-;""
475;Peritonsilární hlíza;-;-;-;-;-;-;-;-;-;-;-;-;-;-;-;-;-;-;-;-;-;-;-;""
476;Chronický zánět hrtanu nebo hrtanu a průdušnice;-;-;-;-;-;-;-;-;-;-;-;-;-;-;-;-;-;-;-;-;-;-;-;""
477;Alergická rýma (i senná rýma);-;-;-;-;-;-;-;-;-;-;-;-;-;-;-;-;-;-;-;-;-;-;-;""
478;Jiné nemoci horních dýchacích cest;1;-;-;-;-;-;-;-;-;-;-;-;-;-;-;-;-;-;-;-;1;-;-;""
480;Virový zánět plic;27;1;-;-;-;-;-;-;-;-;1;-;-;-;-;1;-;5;4;2;5;6;2;""
481;Pneumokokový zánět plic;35;-;-;-;-;-;1;-;-;-;-;1;2;-;4;3;5;3;1;3;5;6;1;""
482;Jiný bakteriální zánět plic;22;1;1;-;-;-;-;-;-;-;-;-;-;1;1;1;2;3;1;1;5;2;3;""
483;Zánět plic způsobený jiným určeným původcem;10;-;-;-;-;-;-;-;-;-;-;1;-;-;-;1;1;-;1;-;3;3;-;""
484;Zánět plic při infekčních nemocech zařazených jinde;-;-;-;-;-;-;-;-;-;-;-;-;-;-;-;-;-;-;-;-;-;-;-;""
485;Bronchopneumonie;866;6;1;2;1;1;2;-;5;4;3;10;12;20;15;22;40;54;87;85;186;181;129;""
486;Pneumonie způsobená blíže neurčeným původcem;82;4;1;-;-;-;1;-;4;1;-;-;3;-;4;2;5;12;6;3;16;6;14;""
487;Chřipka (i se zánětem plic nebo jinými projevy);32;-;-;-;-;-;-;1;-;1;1;-;1;2;-;1;3;3;-;2;7;7;3;""
490;Zánět průdušek neurčený blíže jako akutní nebo chronický;23;-;-;-;-;-;-;-;-;-;-;1;2;1;2;1;3;3;2;1;1;3;3;""
491;Chronický zánět průdušek;1 449;-;1;-;-;-;-;-;1;-;1;-;3;9;26;44;82;151;188;203;333;251;156;""
492;Rozedma plic;230;-;-;-;-;-;-;-;-;-;-;2;1;2;4;10;10;30;36;34;50;35;16;""
493;Astma;136;-;-;-;-;-;-;5;2;3;3;4;4;2;4;3;14;13;27;13;11;14;14;""
494;Rozšíření průdušek;11;-;-;-;-;-;-;-;-;-;-;-;1;-;1;1;2;-;-;1;2;3;-;""
495;Exogenní alergická alveolitis;-;-;-;-;-;-;-;-;-;-;-;-;-;-;-;-;-;-;-;-;-;-;-;""
496;Chronická obstrukce dýchacích cest, nezařazená jinde;82;-;-;-;-;-;-;-;-;-;-;-;-;1;3;1;5;8;14;17;13;14;6;""
500;Pneumokonióza uhlokopů;204;-;-;-;-;-;-;-;-;-;-;-;1;-;1;9;7;35;35;35;36;31;14;""
501;Asbestóza;-;-;-;-;-;-;-;-;-;-;-;-;-;-;-;-;-;-;-;-;-;-;-;""
502;Pneumokonióza způsobená jiným křemičitým prachem;29;-;-;-;-;-;-;-;-;-;-;-;-;-;-;-;3;3;3;8;5;6;1;""
503;Pneumokonióza způsobená jiným anorganickým prachem;-;-;-;-;-;-;-;-;-;-;-;-;-;-;-;-;-;-;-;-;-;-;-;""
504;Pneumopatie způsobená vdechováním jiného prachu;-;-;-;-;-;-;-;-;-;-;-;-;-;-;-;-;-;-;-;-;-;-;-;""
505;Pneumokonióza blíže neurčená;1;-;-;-;-;-;-;-;-;-;-;-;-;-;-;-;-;1;-;-;-;-;-;""
506;Onemocnění dýchacího ústrojí způsobená chemickými dýmy a parami;-;-;-;-;-;-;-;-;-;-;-;-;-;-;-;-;-;-;-;-;-;-;-;""
507;Pneumonitis způsobená pevnými nebo tekutými látkami;-;-;-;-;-;-;-;-;-;-;-;-;-;-;-;-;-;-;-;-;-;-;-;""
508;Onemocnění dýchacího ústrojí způsobená jinými nebo blíže neurčenými vnějšími činiteli;-;-;-;-;-;-;-;-;-;-;-;-;-;-;-;-;-;-;-;-;-;-;-;""
510;Empyém;8;-;-;-;-;-;-;1;-;-;-;-;-;1;-;1;2;-;-;1;2;-;-;""
511;Zánět pohrudnice;5;-;-;-;-;-;-;-;-;-;-;-;1;-;-;-;-;-;-;3;-;1;-;""
512;Pneumotorax;3;-;-;-;-;-;-;-;-;-;-;-;-;-;-;-;-;-;1;-;1;1;-;""
513;Hlíza plic nebo mezihrudí;11;-;-;-;-;-;-;-;-;-;-;-;1;1;2;2;2;1;-;-;1;1;-;""
514;Plicní překrvení nebo městnání krve v plicích;48;-;-;-;-;-;-;1;1;-;-;1;-;1;-;1;1;5;6;2;11;12;6;""
515;Pozánětlivá fibróza plic;25;-;-;-;-;-;-;-;-;-;-;-;3;3;4;2;1;3;2;2;4;-;1;""
516;Jiná alveolární  nebo parietoalveolární pneumopatie;12;-;-;-;-;-;-;-;-;-;-;-;-;2;-;-;2;1;4;2;1;-;-;""
517;Postižení plic při nemocech zařazených jinde;-;-;-;-;-;-;-;-;-;-;-;-;-;-;-;-;-;-;-;-;-;-;-;""
518;Jiné nemoci plic;3;-;-;-;-;-;-;-;-;-;-;-;-;-;1;-;1;-;-;1;-;-;-;""
519;Jiné nemoci dýchací soustavy;4;-;-;-;-;-;-;-;-;-;-;-;1;-;-;-;1;-;-;-;2;-;-;""
"";"";"";"";"";"";"";"";"";"";"";"";"";"";"";"";"";"";"";"";"";"";"";"";"";""
IX;Nemoci trávicí soustavy;2 714;7;2;-;-;1;1;5;4;6;14;41;122;182;219;215;277;341;356;251;351;222;97;""
520;Poruchy vývoje a erupce zubů;-;-;-;-;-;-;-;-;-;-;-;-;-;-;-;-;-;-;-;-;-;-;-;""
521;Nemoci tvrdých zubních tkání;-;-;-;-;-;-;-;-;-;-;-;-;-;-;-;-;-;-;-;-;-;-;-;""
522;Nemoci dřeně a periapikálních tkání;-;-;-;-;-;-;-;-;-;-;-;-;-;-;-;-;-;-;-;-;-;-;-;""
523;Nemoci dásní a parodontu;-;-;-;-;-;-;-;-;-;-;-;-;-;-;-;-;-;-;-;-;-;-;-;""
524;Dentofaciální anomálie včetně vad skusu;-;-;-;-;-;-;-;-;-;-;-;-;-;-;-;-;-;-;-;-;-;-;-;""
525;Jiné nemoci a stavy zubů a podpůrných tkání;-;-;-;-;-;-;-;-;-;-;-;-;-;-;-;-;-;-;-;-;-;-;-;""
526;Nemoci čelistí;-;-;-;-;-;-;-;-;-;-;-;-;-;-;-;-;-;-;-;-;-;-;-;""
527;Nemoci slinných žláz;-;-;-;-;-;-;-;-;-;-;-;-;-;-;-;-;-;-;-;-;-;-;-;""
528;Nemoci měkkých ústních tkání  mimo specifická poškození dásně a jazyka;-;-;-;-;-;-;-;-;-;-;-;-;-;-;-;-;-;-;-;-;-;-;-;""
529;Nemoci a jiné stavy jazyka;-;-;-;-;-;-;-;-;-;-;-;-;-;-;-;-;-;-;-;-;-;-;-;""
530;Nemoci jícnu;23;1;1;-;-;-;-;-;-;-;-;1;1;1;1;2;4;3;4;-;3;1;-;""
531;Žaludeční vřed;204;-;-;-;-;-;-;-;-;-;-;-;6;12;12;14;23;26;25;22;31;20;13;""
532;Dvanáctníkový vřed;165;-;-;-;-;-;-;-;-;-;-;2;6;10;7;13;13;23;22;23;22;18;6;""
533;Peptický vřed blíže neurčené lokalizace;14;-;-;-;-;-;-;-;-;-;-;-;2;1;-;-;1;1;2;1;3;-;3;""
534;Gastrojejunální vřed;2;-;-;-;-;-;-;-;-;-;-;-;-;1;-;-;-;-;-;-;1;-;-;""
535;Zánět žaludku a dvanáctníku;8;-;-;-;-;-;-;-;-;-;-;-;-;-;-;-;1;1;4;-;2;-;-;""
536;Poruchy funkce žaludku;-;-;-;-;-;-;-;-;-;-;-;-;-;-;-;-;-;-;-;-;-;-;-;""
537;Jiné nemoci žaludku a dvanáctníku;7;-;-;-;-;-;-;-;-;-;-;-;-;-;1;-;1;1;2;1;-;1;-;""
540;Akutní apendicitis;34;-;-;-;-;-;-;1;1;-;-;-;-;1;-;-;3;4;2;1;9;8;4;""
541;Apendicitis blíže neurčená;1;-;-;-;-;-;-;-;-;-;-;-;-;-;-;-;1;-;-;-;-;-;-;""
542;Jiná apendicitis;1;-;-;-;-;-;-;-;-;-;-;-;-;-;-;-;-;-;-;-;-;-;1;""
543;Jiné nemoci červovitého přívěsku;1;-;-;-;-;-;-;-;-;-;-;-;-;-;-;-;1;-;-;-;-;-;-;""
550;Tříselná kýla;37;-;-;-;-;-;-;-;-;-;-;1;-;-;-;2;-;4;2;5;10;8;5;""
551;Jiná kýla břišní dutiny s gangrénou;10;-;-;-;-;-;-;-;-;-;-;-;-;-;-;1;-;-;1;3;2;3;-;""
552;Jiná kýla břišní dutiny s neprůchodností bez gangrény;11;-;-;-;-;-;-;1;-;-;-;-;-;-;-;-;-;1;2;2;3;-;2;""
553;Jiná kýla břišní dutiny bez  neprůchodnosti nebo gangrény;4;-;-;-;-;-;-;-;-;-;-;-;-;-;-;-;-;1;-;2;1;-;-;""
555;Enteritis regionalis;7;-;-;-;-;-;-;-;-;-;-;-;1;-;-;2;2;1;-;-;1;-;-;""
556;Idiopatická proktokolitis;3;-;-;-;-;-;-;-;-;-;-;-;-;-;-;-;-;-;2;-;1;-;-;""
557;Vaskulární insuficience střeva;118;2;-;-;-;-;-;-;-;-;-;-;-;5;6;3;9;15;20;9;28;17;4;""
558;Jiná neinfekční gastroenteritis nebo kolitis;10;1;-;-;-;-;-;-;-;-;-;1;-;-;-;-;-;1;1;2;2;2;-;""
560;Neprůchodnost sřev bez kýly;92;2;-;-;-;-;-;-;1;-;-;1;2;2;2;4;6;8;16;14;17;12;5;""
562;Střevní divertikly;17;-;-;-;-;-;-;-;-;-;-;-;-;-;-;-;1;3;2;3;3;2;3;""
564;Funkční poruchy trávení, nezařazené jinde;-;-;-;-;-;-;-;-;-;-;-;-;-;-;-;-;-;-;-;-;-;-;-;""
565;Řitní trhliny a píštěle;-;-;-;-;-;-;-;-;-;-;-;-;-;-;-;-;-;-;-;-;-;-;-;""
566;Absces  řitní a konečníkové krajiny;-;-;-;-;-;-;-;-;-;-;-;-;-;-;-;-;-;-;-;-;-;-;-;""
567;Zánět pobřišnice;38;1;-;-;-;-;-;-;-;-;-;1;2;-;1;1;2;4;4;4;9;7;2;""
568;Jiné nemoci pobřišnice;-;-;-;-;-;-;-;-;-;-;-;-;-;-;-;-;-;-;-;-;-;-;-;""
569;Jiné nemoci střev;14;-;-;-;-;-;-;-;-;-;-;-;1;-;-;-;1;1;3;2;4;2;-;""
570;Akutní a subakutní nekróza jater;12;-;-;-;-;-;-;-;-;-;-;-;-;2;3;1;-;2;1;1;1;1;-;""
571;Chronické nemoci jater a cirhóza;1 306;-;-;-;-;-;1;1;1;1;9;20;75;118;153;136;179;183;173;99;101;40;16;""
572;Jaterní hlíza a následky chronických nemocí jater;30;-;-;-;-;-;-;-;-;-;-;-;1;1;1;5;3;3;3;4;5;3;1;""
573;Jiné nemoci jater;20;-;1;-;-;1;-;2;-;-;-;-;-;-;1;1;1;1;4;3;4;1;-;""
574;Žlučové kameny;164;-;-;-;-;-;-;-;-;-;-;-;-;1;4;3;6;17;21;19;41;34;18;""
575;Jiné nemoci žlučníku;52;-;-;-;-;-;-;-;-;-;1;1;-;1;1;1;2;2;6;7;11;16;3;""
576;Jiné nemoci žlučových cest;30;-;-;-;-;-;-;-;-;-;-;-;-;-;-;2;1;2;5;6;7;5;2;""
577;Nemoci slinivky břišní;237;-;-;-;-;-;-;-;-;5;4;12;24;22;25;19;14;29;24;16;22;16;5;""
578;Žaludeční nebo střevní krvácení;36;-;-;-;-;-;-;-;1;-;-;1;1;3;-;4;2;2;4;2;7;5;4;""
579;Střevní malabsorpce;6;-;-;-;-;-;-;-;-;-;-;-;-;1;1;1;-;2;1;-;-;-;-;""
"";"";"";"";"";"";"";"";"";"";"";"";"";"";"";"";"";"";"";"";"";"";"";"";"";""
X;Nemoci močové a pohlavní soustavy;1 517;2;-;-;-;-;-;-;5;2;5;11;18;40;41;43;95;127;170;210;340;264;144;""
580;Akutní zánět ledvin;9;-;-;-;-;-;-;-;-;-;-;-;-;-;-;1;1;-;1;3;-;3;-;""
581;Nefrotický syndrom;3;-;-;-;-;-;-;-;-;-;-;-;-;-;-;-;1;1;-;1;-;-;-;""
582;Chronický zánět ledvin;155;-;-;-;-;-;-;-;1;-;1;9;8;18;9;9;21;17;16;13;19;8;6;""
583;Nefritis nebo nefropatie neurčená blíže jako akutní nebo chronická;45;-;-;-;-;-;-;-;-;-;2;-;-;4;4;1;3;9;6;6;6;3;1;""
584;Akutní selhání ledvin;20;-;-;-;-;-;-;-;-;-;-;-;-;2;-;1;3;2;1;2;5;2;2;""
585;Chronické selhání ledvin;251;-;-;-;-;-;-;-;2;-;-;1;5;6;15;12;21;22;35;32;49;38;13;""
586;Selhání ledvin blíže neurčené;36;-;-;-;-;-;-;-;-;1;-;-;-;2;1;-;6;2;3;1;6;8;6;""
587;Skleróza ledvin blíže neurčená;2;-;-;-;-;-;-;-;-;-;-;-;-;1;-;-;-;-;-;-;-;1;-;""
588;Nemoci vznikající z porušené funkce ledvin;-;-;-;-;-;-;-;-;-;-;-;-;-;-;-;-;-;-;-;-;-;-;-;""
589;Malá ledvina z neznámé příčiny;-;-;-;-;-;-;-;-;-;-;-;-;-;-;-;-;-;-;-;-;-;-;-;""
590;Infekce ledvin;481;2;-;-;-;-;-;-;-;-;1;-;3;7;8;14;27;47;61;69;123;83;36;""
591;Hydronefróza;7;-;-;-;-;-;-;-;-;-;-;-;-;-;-;-;-;1;2;1;1;1;1;""
592;Kameny v ledvině a močovodu;61;-;-;-;-;-;-;-;1;1;-;-;-;-;2;3;6;6;7;14;8;12;1;""
593;Jiné nemoci ledvin a močovodu;17;-;-;-;-;-;-;-;1;-;1;-;1;-;1;1;1;2;4;-;3;-;2;""
594;Kameny v dolní části močového ústrojí;10;-;-;-;-;-;-;-;-;-;-;-;-;-;-;-;-;1;1;1;4;2;1;""
595;Zánět močového měchýře;8;-;-;-;-;-;-;-;-;-;-;-;-;-;-;-;-;1;2;1;2;1;1;""
596;Jiné nemoci měchýře;3;-;-;-;-;-;-;-;-;-;-;-;-;-;-;-;-;-;-;-;1;1;1;""
597;Zánět močové trubice a uretrální syndrom;2;-;-;-;-;-;-;-;-;-;-;-;-;-;-;-;-;-;1;-;1;-;-;""
598;Zúžení močové trubice;3;-;-;-;-;-;-;-;-;-;-;-;-;-;-;-;-;-;-;1;-;-;2;""
599;Jiné nemoci močové trubice a močového ústrojí vůbec;12;-;-;-;-;-;-;-;-;-;-;1;-;-;1;1;-;-;1;3;1;3;1;""
600;Zbytnění předstojné žlázy;388;-;-;-;-;-;-;-;-;-;-;-;-;-;-;-;4;16;28;62;111;97;70;""
601;Zánětlivé nemoci  předstojné žlázy;1;-;-;-;-;-;-;-;-;-;-;-;-;-;-;-;-;-;1;-;-;-;-;""
602;Jiné nemoci předstojné žlázy;1;-;-;-;-;-;-;-;-;-;-;-;-;-;-;-;-;-;-;-;-;1;-;""
603;Vodní kýla;-;-;-;-;-;-;-;-;-;-;-;-;-;-;-;-;-;-;-;-;-;-;-;""
604;Zánět varlat a nadvarlat;-;-;-;-;-;-;-;-;-;-;-;-;-;-;-;-;-;-;-;-;-;-;-;""
605;Hypertrofie předkožky a fimóza;-;-;-;-;-;-;-;-;-;-;-;-;-;-;-;-;-;-;-;-;-;-;-;""
606;Mužská neplodnost;-;-;-;-;-;-;-;-;-;-;-;-;-;-;-;-;-;-;-;-;-;-;-;""
607;Nemoci pyje;-;-;-;-;-;-;-;-;-;-;-;-;-;-;-;-;-;-;-;-;-;-;-;""
608;Jiné nemoci mužských pohlavních orgánů;2;-;-;-;-;-;-;-;-;-;-;-;1;-;-;-;1;-;-;-;-;-;-;""
610;Nezhoubné dysplazie prsů;-;-;-;-;-;-;-;-;-;-;-;-;-;-;-;-;-;-;-;-;-;-;-;""
611;Jiné nemoci prsů;-;-;-;-;-;-;-;-;-;-;-;-;-;-;-;-;-;-;-;-;-;-;-;""
614;Zánětlivé nemoci  vaječníků, vejcovodů, pánevního vaziva a pobřišnice;x;x;x;x;x;x;x;x;x;x;x;x;x;x;x;x;x;x;x;x;x;x;x;""
615;Zánětlivé nemoci dělohy mimo čípek;x;x;x;x;x;x;x;x;x;x;x;x;x;x;x;x;x;x;x;x;x;x;x;""
616;Zánětlivé nemoci děložního čípku, pochvy a vulvy;x;x;x;x;x;x;x;x;x;x;x;x;x;x;x;x;x;x;x;x;x;x;x;""
617;Endometrióza;x;x;x;x;x;x;x;x;x;x;x;x;x;x;x;x;x;x;x;x;x;x;x;""
618;Výhřez pohlavních orgánů;x;x;x;x;x;x;x;x;x;x;x;x;x;x;x;x;x;x;x;x;x;x;x;""
619;Píštěle postihující ženské pohlavní ústrojí;x;x;x;x;x;x;x;x;x;x;x;x;x;x;x;x;x;x;x;x;x;x;x;""
620;Nezánětlivé nemoci vaječníků, vejcovodů a širokého vazu;x;x;x;x;x;x;x;x;x;x;x;x;x;x;x;x;x;x;x;x;x;x;x;""
621;Nemoci dělohy nezařazené jinde;x;x;x;x;x;x;x;x;x;x;x;x;x;x;x;x;x;x;x;x;x;x;x;""
622;Nezánětlivé nemoci děložního čípku;x;x;x;x;x;x;x;x;x;x;x;x;x;x;x;x;x;x;x;x;x;x;x;""
623;Nezánětlivé nemoci pochvy;x;x;x;x;x;x;x;x;x;x;x;x;x;x;x;x;x;x;x;x;x;x;x;""
624;Nezánětlivé nemoci vulvy a hráze;x;x;x;x;x;x;x;x;x;x;x;x;x;x;x;x;x;x;x;x;x;x;x;""
625;Bolest a jiné příznaky sdružené se ženskými pohlavními orgány;x;x;x;x;x;x;x;x;x;x;x;x;x;x;x;x;x;x;x;x;x;x;x;""
626;Poruchy menstruace a jiné abnormální krvácení ze ženského pohlavního ústrojí;x;x;x;x;x;x;x;x;x;x;x;x;x;x;x;x;x;x;x;x;x;x;x;""
627;Menopauzální a postmenopauzální poruchy;x;x;x;x;x;x;x;x;x;x;x;x;x;x;x;x;x;x;x;x;x;x;x;""
628;Ženská neplodnost;x;x;x;x;x;x;x;x;x;x;x;x;x;x;x;x;x;x;x;x;x;x;x;""
629;Jiné nemoci ženských pohlavních orgánů;x;x;x;x;x;x;x;x;x;x;x;x;x;x;x;x;x;x;x;x;x;x;x;""
"";"";"";"";"";"";"";"";"";"";"";"";"";"";"";"";"";"";"";"";"";"";"";"";"";""
XI;Komplikace těhotenství, porodu a šestinedělí;x;x;x;x;x;x;x;x;x;x;x;x;x;x;x;x;x;x;x;x;x;x;x;""
630;Zásněť hroznová;x;x;x;x;x;x;x;x;x;x;x;x;x;x;x;x;x;x;x;x;x;x;x;""
631;Jiný abnormální produkt početí;x;x;x;x;x;x;x;x;x;x;x;x;x;x;x;x;x;x;x;x;x;x;x;""
632;Zamlklý (nevypuzený) potrat;x;x;x;x;x;x;x;x;x;x;x;x;x;x;x;x;x;x;x;x;x;x;x;""
633;Mimoděložní těhotenství;x;x;x;x;x;x;x;x;x;x;x;x;x;x;x;x;x;x;x;x;x;x;x;""
634;Samovolný potrat;x;x;x;x;x;x;x;x;x;x;x;x;x;x;x;x;x;x;x;x;x;x;x;""
635;Legálně indukovaný potrat;x;x;x;x;x;x;x;x;x;x;x;x;x;x;x;x;x;x;x;x;x;x;x;""
636;Ilegálně indukovaný potrat;x;x;x;x;x;x;x;x;x;x;x;x;x;x;x;x;x;x;x;x;x;x;x;""
637;Potrat blíže neurčený;x;x;x;x;x;x;x;x;x;x;x;x;x;x;x;x;x;x;x;x;x;x;x;""
638;Nezdařený pokus o potrat;x;x;x;x;x;x;x;x;x;x;x;x;x;x;x;x;x;x;x;x;x;x;x;""
639;Komplikace po porodu nebo mimoděložním nebo molárním těhotenství;x;x;x;x;x;x;x;x;x;x;x;x;x;x;x;x;x;x;x;x;x;x;x;""
640;Krvácení v časném těhotenství;x;x;x;x;x;x;x;x;x;x;x;x;x;x;x;x;x;x;x;x;x;x;x;""
641;Krvácení před porodem, předčasné odloučení lůžka nebo vcestné lůžko;x;x;x;x;x;x;x;x;x;x;x;x;x;x;x;x;x;x;x;x;x;x;x;""
642;Hypertense komplikující těhotenství, porod nebo šestinedělí;x;x;x;x;x;x;x;x;x;x;x;x;x;x;x;x;x;x;x;x;x;x;x;""
643;Nadměrné zvracení v těhotenství;x;x;x;x;x;x;x;x;x;x;x;x;x;x;x;x;x;x;x;x;x;x;x;""
644;Předčasný nebo hrozící porod;x;x;x;x;x;x;x;x;x;x;x;x;x;x;x;x;x;x;x;x;x;x;x;""
645;Prodloužené těhotenství;x;x;x;x;x;x;x;x;x;x;x;x;x;x;x;x;x;x;x;x;x;x;x;""
646;Jiné komplikace těhotenství, nezařazené jinde;x;x;x;x;x;x;x;x;x;x;x;x;x;x;x;x;x;x;x;x;x;x;x;""
647;Infekční a parazitární onemocnění matky, zařaditelná jinam, ale komplikující těhotenství, porod nebo šestinedělí;x;x;x;x;x;x;x;x;x;x;x;x;x;x;x;x;x;x;x;x;x;x;x;""
648;Jiná onemocnění matky zařaditelná jinam, ale komplikující těhotenství, porod nebo šestinedělí;x;x;x;x;x;x;x;x;x;x;x;x;x;x;x;x;x;x;x;x;x;x;x;""
650;Spontánní porod bez komplikací;x;x;x;x;x;x;x;x;x;x;x;x;x;x;x;x;x;x;x;x;x;x;x;""
651;Mnohočetné těhotenství;x;x;x;x;x;x;x;x;x;x;x;x;x;x;x;x;x;x;x;x;x;x;x;""
652;Nepravidelná poloha nebo naléhání plodu;x;x;x;x;x;x;x;x;x;x;x;x;x;x;x;x;x;x;x;x;x;x;x;""
653;Nepoměr;x;x;x;x;x;x;x;x;x;x;x;x;x;x;x;x;x;x;x;x;x;x;x;""
654;Abnormalita pánevních orgánů nebo měkkých tkání;x;x;x;x;x;x;x;x;x;x;x;x;x;x;x;x;x;x;x;x;x;x;x;""
655;Známá nebo suspektní abnormalita plodu, vedoucí k léčbě těhotné;x;x;x;x;x;x;x;x;x;x;x;x;x;x;x;x;x;x;x;x;x;x;x;""
656;Jiné stavy plodu a lůžka vedoucí k léčbě těhotné;x;x;x;x;x;x;x;x;x;x;x;x;x;x;x;x;x;x;x;x;x;x;x;""
657;Polyhydramnion;x;x;x;x;x;x;x;x;x;x;x;x;x;x;x;x;x;x;x;x;x;x;x;""
658;Jiné poruchy plodových obalů a plodové vody;x;x;x;x;x;x;x;x;x;x;x;x;x;x;x;x;x;x;x;x;x;x;x;""
659;Jiné indikace pro péči nebo zákrok, souvisící s porodem, nezařazené jinde;x;x;x;x;x;x;x;x;x;x;x;x;x;x;x;x;x;x;x;x;x;x;x;""
660;Poruchy průběhu porodu;x;x;x;x;x;x;x;x;x;x;x;x;x;x;x;x;x;x;x;x;x;x;x;""
661;Poruchy vypuzujících sil;x;x;x;x;x;x;x;x;x;x;x;x;x;x;x;x;x;x;x;x;x;x;x;""
662;Prodloužený porod;x;x;x;x;x;x;x;x;x;x;x;x;x;x;x;x;x;x;x;x;x;x;x;""
663;Poruchy pupečníku;x;x;x;x;x;x;x;x;x;x;x;x;x;x;x;x;x;x;x;x;x;x;x;""
664;Poranění hráze nebo vulvy při porodu;x;x;x;x;x;x;x;x;x;x;x;x;x;x;x;x;x;x;x;x;x;x;x;""
665;Jiné porodní poranění;x;x;x;x;x;x;x;x;x;x;x;x;x;x;x;x;x;x;x;x;x;x;x;""
666;Poporodní krvácení;x;x;x;x;x;x;x;x;x;x;x;x;x;x;x;x;x;x;x;x;x;x;x;""
667;Zadržené lůžko nebo blány bez krvácení;x;x;x;x;x;x;x;x;x;x;x;x;x;x;x;x;x;x;x;x;x;x;x;""
668;Komplikace po podání anestetik nebo analgetik při porodu;x;x;x;x;x;x;x;x;x;x;x;x;x;x;x;x;x;x;x;x;x;x;x;""
669;Jiné komplikace porodu, nezařazené jinde;x;x;x;x;x;x;x;x;x;x;x;x;x;x;x;x;x;x;x;x;x;x;x;""
670;Větší puerperální infekce;x;x;x;x;x;x;x;x;x;x;x;x;x;x;x;x;x;x;x;x;x;x;x;""
671;Žilní komplikace v těhotenství nebo šestinedělí;x;x;x;x;x;x;x;x;x;x;x;x;x;x;x;x;x;x;x;x;x;x;x;""
672;Horečka neznámého původu v šestinedělí;x;x;x;x;x;x;x;x;x;x;x;x;x;x;x;x;x;x;x;x;x;x;x;""
673;Porodnická embolie plic;x;x;x;x;x;x;x;x;x;x;x;x;x;x;x;x;x;x;x;x;x;x;x;""
674;Jiné a blíže neurčené komplikace šestinedělí, nezařazené  jinde;x;x;x;x;x;x;x;x;x;x;x;x;x;x;x;x;x;x;x;x;x;x;x;""
675;Infekce prsu nebo bradavky, sdružené porodem;x;x;x;x;x;x;x;x;x;x;x;x;x;x;x;x;x;x;x;x;x;x;x;""
676;Jiné nemoci prsu sdružené s porodem a poruchy laktace;x;x;x;x;x;x;x;x;x;x;x;x;x;x;x;x;x;x;x;x;x;x;x;""
"";"";"";"";"";"";"";"";"";"";"";"";"";"";"";"";"";"";"";"";"";"";"";"";"";""
XII;Nemoci kůže a podkožního vaziva;16;-;-;1;-;-;-;-;-;1;-;1;-;-;-;-;1;-;3;2;4;2;1;""
680;Furunkl a karbunkl;-;-;-;-;-;-;-;-;-;-;-;-;-;-;-;-;-;-;-;-;-;-;-;""
681;Flegmóna nebo absces prstu ruky nebo nohy;1;-;-;-;-;-;-;-;-;-;-;-;-;-;-;-;-;-;-;-;1;-;-;""
682;Jiná flegmóna nebo absces;8;-;-;1;-;-;-;-;-;-;-;1;-;-;-;-;-;-;2;-;2;1;1;""
683;Akutní zánět mízních uzlin;-;-;-;-;-;-;-;-;-;-;-;-;-;-;-;-;-;-;-;-;-;-;-;""
684;Impetigo;-;-;-;-;-;-;-;-;-;-;-;-;-;-;-;-;-;-;-;-;-;-;-;""
685;Pilonidální cysta;-;-;-;-;-;-;-;-;-;-;-;-;-;-;-;-;-;-;-;-;-;-;-;""
686;Jiné místní infekce kůže a podkožního vaziva;-;-;-;-;-;-;-;-;-;-;-;-;-;-;-;-;-;-;-;-;-;-;-;""
690;Dermatosis erythematosquamosa (seboroický zánět kůže);-;-;-;-;-;-;-;-;-;-;-;-;-;-;-;-;-;-;-;-;-;-;-;""
691;Atopický ekzém a příbuzná onemocnění;-;-;-;-;-;-;-;-;-;-;-;-;-;-;-;-;-;-;-;-;-;-;-;""
692;Kontaktní dermatitis (ekzém) a jiné ekzémy;-;-;-;-;-;-;-;-;-;-;-;-;-;-;-;-;-;-;-;-;-;-;-;""
693;Dermatitis vyvolaná požitými látkami;-;-;-;-;-;-;-;-;-;-;-;-;-;-;-;-;-;-;-;-;-;-;-;""
694;Puchýřnaté dermatózy;2;-;-;-;-;-;-;-;-;-;-;-;-;-;-;-;-;-;-;-;1;1;-;""
695;Erytémová onemocnění;3;-;-;-;-;-;-;-;-;1;-;-;-;-;-;-;1;-;1;-;-;-;-;""
696;lupénka a podobná onemocnění;-;-;-;-;-;-;-;-;-;-;-;-;-;-;-;-;-;-;-;-;-;-;-;""
697;Lišej;-;-;-;-;-;-;-;-;-;-;-;-;-;-;-;-;-;-;-;-;-;-;-;""
698;Svědění a příbuzná onemocnění;-;-;-;-;-;-;-;-;-;-;-;-;-;-;-;-;-;-;-;-;-;-;-;""
700;Kuří oka a mozoly;-;-;-;-;-;-;-;-;-;-;-;-;-;-;-;-;-;-;-;-;-;-;-;""
701;Jiná hypertrofická a atrofická onemocnění kůže;-;-;-;-;-;-;-;-;-;-;-;-;-;-;-;-;-;-;-;-;-;-;-;""
702;Jiné dermatózy;-;-;-;-;-;-;-;-;-;-;-;-;-;-;-;-;-;-;-;-;-;-;-;""
703;Nemoci nehtů;-;-;-;-;-;-;-;-;-;-;-;-;-;-;-;-;-;-;-;-;-;-;-;""
704;Nemoci vlasů a vlasových míšků;-;-;-;-;-;-;-;-;-;-;-;-;-;-;-;-;-;-;-;-;-;-;-;""
705;Nemoci potních žláz;-;-;-;-;-;-;-;-;-;-;-;-;-;-;-;-;-;-;-;-;-;-;-;""
706;Nemoci mazových žláz;-;-;-;-;-;-;-;-;-;-;-;-;-;-;-;-;-;-;-;-;-;-;-;""
707;Chronický kožní vřed;2;-;-;-;-;-;-;-;-;-;-;-;-;-;-;-;-;-;-;2;-;-;-;""
708;Kopřivka;-;-;-;-;-;-;-;-;-;-;-;-;-;-;-;-;-;-;-;-;-;-;-;""
709;Jiné nemoci kůže a podkožního vaziva;-;-;-;-;-;-;-;-;-;-;-;-;-;-;-;-;-;-;-;-;-;-;-;""
"";"";"";"";"";"";"";"";"";"";"";"";"";"";"";"";"";"";"";"";"";"";"";"";"";""
XIII;Nemoci svalové a kosterní soustavy a pojivové tkáně;34;-;-;-;-;-;-;1;1;-;2;-;-;3;4;3;4;2;4;2;3;4;1;""
710;Difúzní nemoci pojivové tkáně (kolagenní nemoci);7;-;-;-;-;-;-;1;1;-;-;-;-;-;2;2;-;1;-;-;-;-;-;""
711;Artropatie sdružené s infekcemi;-;-;-;-;-;-;-;-;-;-;-;-;-;-;-;-;-;-;-;-;-;-;-;""
712;Krystalové artropatie;-;-;-;-;-;-;-;-;-;-;-;-;-;-;-;-;-;-;-;-;-;-;-;""
713;Artropatie při jiných nemocech zařazených jinde;-;-;-;-;-;-;-;-;-;-;-;-;-;-;-;-;-;-;-;-;-;-;-;""
714;Progresivní polyartritis a jiné chronické systémové polyartritidy;7;-;-;-;-;-;-;-;-;-;1;-;-;2;-;-;-;-;1;-;1;2;-;""
715;Osteoartróza a příbuzné nemoci;4;-;-;-;-;-;-;-;-;-;-;-;-;-;-;-;-;-;-;1;1;2;-;""
716;Jiné a blíže neurčené artropatie;1;-;-;-;-;-;-;-;-;-;-;-;-;-;-;-;1;-;-;-;-;-;-;""
717;Vnitřní poruchy kolenního kloubu;-;-;-;-;-;-;-;-;-;-;-;-;-;-;-;-;-;-;-;-;-;-;-;""
718;Jiné vnitřní poruchy kloubů;-;-;-;-;-;-;-;-;-;-;-;-;-;-;-;-;-;-;-;-;-;-;-;""
719;Jiné a blíže neurčené poruchy kloubů;-;-;-;-;-;-;-;-;-;-;-;-;-;-;-;-;-;-;-;-;-;-;-;""
720;Spondyliti ankylosans a jiné zánětlivé spondylopatie;4;-;-;-;-;-;-;-;-;-;-;-;-;-;-;1;1;1;-;1;-;-;-;""
721;Spondylóza a příbuzné nemoci;1;-;-;-;-;-;-;-;-;-;-;-;-;-;-;-;1;-;-;-;-;-;-;""
722;Nemoci meziobratlových plotének;-;-;-;-;-;-;-;-;-;-;-;-;-;-;-;-;-;-;-;-;-;-;-;""
723;Jiné nemoci krční krajiny;-;-;-;-;-;-;-;-;-;-;-;-;-;-;-;-;-;-;-;-;-;-;-;""
724;Jiné a blíže neurčené nemoci zad;-;-;-;-;-;-;-;-;-;-;-;-;-;-;-;-;-;-;-;-;-;-;-;""
725;Polymyalgia rheumatica;-;-;-;-;-;-;-;-;-;-;-;-;-;-;-;-;-;-;-;-;-;-;-;""
726;Periferní antézopatie a příbuzné syndromy;-;-;-;-;-;-;-;-;-;-;-;-;-;-;-;-;-;-;-;-;-;-;-;""
727;Jiné nemoci synovie, šlach a pouzder;-;-;-;-;-;-;-;-;-;-;-;-;-;-;-;-;-;-;-;-;-;-;-;""
728;Nemoci svalů, vazů a povázek;-;-;-;-;-;-;-;-;-;-;-;-;-;-;-;-;-;-;-;-;-;-;-;""
729;Jiné nemoci měkkých tkání;-;-;-;-;-;-;-;-;-;-;-;-;-;-;-;-;-;-;-;-;-;-;-;""
730;Zánět kostní dřeně, zánět okostice a jiné infekce postihující kost;9;-;-;-;-;-;-;-;-;-;1;-;-;1;2;-;1;-;3;-;1;-;-;""
731;Osteitis deformans a osteopatie sdružené s jinými nemocemi zařazenými jinde;-;-;-;-;-;-;-;-;-;-;-;-;-;-;-;-;-;-;-;-;-;-;-;""
732;Osteochondropatie;-;-;-;-;-;-;-;-;-;-;-;-;-;-;-;-;-;-;-;-;-;-;-;""
733;Jiné nemoci kostí a chrupavek;1;-;-;-;-;-;-;-;-;-;-;-;-;-;-;-;-;-;-;-;-;-;1;""
734;Plochá noha;-;-;-;-;-;-;-;-;-;-;-;-;-;-;-;-;-;-;-;-;-;-;-;""
735;Získané deformity prstů nohy;-;-;-;-;-;-;-;-;-;-;-;-;-;-;-;-;-;-;-;-;-;-;-;""
736;Jiné získané deformity končetin;-;-;-;-;-;-;-;-;-;-;-;-;-;-;-;-;-;-;-;-;-;-;-;""
737;Zkřivení páteře;-;-;-;-;-;-;-;-;-;-;-;-;-;-;-;-;-;-;-;-;-;-;-;""
738;Jiné získané deformity končetin;-;-;-;-;-;-;-;-;-;-;-;-;-;-;-;-;-;-;-;-;-;-;-;""
739;Nealopatická poškození, nezařazená jinde;-;-;-;-;-;-;-;-;-;-;-;-;-;-;-;-;-;-;-;-;-;-;-;""
"";"";"";"";"";"";"";"";"";"";"";"";"";"";"";"";"";"";"";"";"";"";"";"";"";""
XIV;Vrozené vady;280;222;4;6;4;6;7;6;7;5;6;5;1;1;-;-;-;-;-;-;-;-;-;""
740;Anencefalus a podobné vady;3;3;-;-;-;-;-;-;-;-;-;-;-;-;-;-;-;-;-;-;-;-;-;""
741;Rozštěp páteře;13;13;-;-;-;-;-;-;-;-;-;-;-;-;-;-;-;-;-;-;-;-;-;""
742;Jiné vrozené vady nervové soustavy;22;15;-;2;2;2;-;1;-;-;-;-;-;-;-;-;-;-;-;-;-;-;-;""
743;Vrozené vady oka;-;-;-;-;-;-;-;-;-;-;-;-;-;-;-;-;-;-;-;-;-;-;-;""
744;Vrozené vady ucha, obličeje a krku;1;1;-;-;-;-;-;-;-;-;-;-;-;-;-;-;-;-;-;-;-;-;-;""
745;Vrozené vady srdečního bulbu a uzávěrů srdečních přepážek;69;57;1;-;1;2;3;1;1;-;2;1;-;-;-;-;-;-;-;-;-;-;-;""
746;Jiné vrozené vady srdce;34;28;-;-;-;-;-;2;1;1;2;-;-;-;-;-;-;-;-;-;-;-;-;""
747;Jiné vrozené vady oběhové soustavy;26;16;-;1;-;-;3;-;1;1;1;2;1;-;-;-;-;-;-;-;-;-;-;""
748;Vrozené vady dýchací soustavy;3;3;-;-;-;-;-;-;-;-;-;-;-;-;-;-;-;-;-;-;-;-;-;""
749;Rozštěp patra a rozštěp rtu;3;3;-;-;-;-;-;-;-;-;-;-;-;-;-;-;-;-;-;-;-;-;-;""
750;Jiné vrozené vady horní části trávicí soustavy;2;1;1;-;-;-;-;-;-;-;-;-;-;-;-;-;-;-;-;-;-;-;-;""
751;Jiné vrozené vady trávicí soustavy;17;13;1;-;1;-;1;-;-;-;-;1;-;-;-;-;-;-;-;-;-;-;-;""
752;Vrozené vady pohlavního ústrojí;-;-;-;-;-;-;-;-;-;-;-;-;-;-;-;-;-;-;-;-;-;-;-;""
753;Vrozené vady močového ústrojí;17;13;-;1;-;-;-;-;2;1;-;-;-;-;-;-;-;-;-;-;-;-;-;""
754;Některé vrozené deformity svalstva a kostry;-;-;-;-;-;-;-;-;-;-;-;-;-;-;-;-;-;-;-;-;-;-;-;""
755;Jiné vrozené vady končetin;-;-;-;-;-;-;-;-;-;-;-;-;-;-;-;-;-;-;-;-;-;-;-;""
756;Jiné vrozené vady svalstva a kostry;21;20;-;1;-;-;-;-;-;-;-;-;-;-;-;-;-;-;-;-;-;-;-;""
757;Vrozené vady kůže, podkožního vaziva, vlasů, nehtů a prsů;1;1;-;-;-;-;-;-;-;-;-;-;-;-;-;-;-;-;-;-;-;-;-;""
758;Vrozené vady chromosomů;23;14;1;1;-;2;-;1;1;1;1;1;-;-;-;-;-;-;-;-;-;-;-;""
759;Jiné a blíže neurčené vrozené vady;25;21;-;-;-;-;-;1;1;1;-;-;-;1;-;-;-;-;-;-;-;-;-;""
"";"";"";"";"";"";"";"";"";"";"";"";"";"";"";"";"";"";"";"";"";"";"";"";"";""
XV;Některá onemocnění vzniklá v perinatálním období;435;435;-;-;-;-;-;-;-;-;-;-;-;-;-;-;-;-;-;-;-;-;-;""
760;Postižení plodu nebo novorozence onemocněním matky, které nemusí souviset s posledním těhotenství;-;-;-;-;-;-;-;-;-;-;-;-;-;-;-;-;-;-;-;-;-;-;-;""
761;Postižení plodu nebo novorozence mateřskou komplikací těhotenství;2;2;-;-;-;-;-;-;-;-;-;-;-;-;-;-;-;-;-;-;-;-;-;""
762;Postižení plodu nebo novorozence komplikací lůžka, pupečníku nebo blan;7;7;-;-;-;-;-;-;-;-;-;-;-;-;-;-;-;-;-;-;-;-;-;""
763;Postižení plodu nebo novorozence jinou komplikací porodu;4;4;-;-;-;-;-;-;-;-;-;-;-;-;-;-;-;-;-;-;-;-;-;""
764;Nízká váha nebo podvýživa plodu;3;3;-;-;-;-;-;-;-;-;-;-;-;-;-;-;-;-;-;-;-;-;-;""
765;Stavy souvisící se zkrácenou délkou těhotenství nebo blíže neurčenou nízkou porodní vahou;166;166;-;-;-;-;-;-;-;-;-;-;-;-;-;-;-;-;-;-;-;-;-;""
766;Stavy souvisící s prodlouženým těhotenstvím nebo velkou porodní vahou;-;-;-;-;-;-;-;-;-;-;-;-;-;-;-;-;-;-;-;-;-;-;-;""
767;Poranění za porodu;4;4;-;-;-;-;-;-;-;-;-;-;-;-;-;-;-;-;-;-;-;-;-;""
768;Nitroděložní hypoxie nebo porodní asfyxie;92;92;-;-;-;-;-;-;-;-;-;-;-;-;-;-;-;-;-;-;-;-;-;""
769;Syndrom respirační tísně;59;59;-;-;-;-;-;-;-;-;-;-;-;-;-;-;-;-;-;-;-;-;-;""
770;Jiná respirační onemocnění plodu nebo novorozence;29;29;-;-;-;-;-;-;-;-;-;-;-;-;-;-;-;-;-;-;-;-;-;""
771;Infekce specifické pro perinatální období;6;6;-;-;-;-;-;-;-;-;-;-;-;-;-;-;-;-;-;-;-;-;-;""
772;Krvácení plodu nebo novorozence;50;50;-;-;-;-;-;-;-;-;-;-;-;-;-;-;-;-;-;-;-;-;-;""
773;Hemolytická nemoc plodu nebo novorozence způsobená izoimunizací;3;3;-;-;-;-;-;-;-;-;-;-;-;-;-;-;-;-;-;-;-;-;-;""
774;Jiná perinatální žloutenka;1;1;-;-;-;-;-;-;-;-;-;-;-;-;-;-;-;-;-;-;-;-;-;""
775;Endokrinní a metabolická onemocnění, specifická pro plod a novorozence;1;1;-;-;-;-;-;-;-;-;-;-;-;-;-;-;-;-;-;-;-;-;-;""
776;Hematologická onemocnění plodu nebo novorozence;1;1;-;-;-;-;-;-;-;-;-;-;-;-;-;-;-;-;-;-;-;-;-;""
777;Perinatální onemocnění trávicí soustavy;3;3;-;-;-;-;-;-;-;-;-;-;-;-;-;-;-;-;-;-;-;-;-;""
778;Onemocnění postihující kůži a podkožní vazivo nebo regulaci teploty u plodu nebo novorozence;1;1;-;-;-;-;-;-;-;-;-;-;-;-;-;-;-;-;-;-;-;-;-;""
779;Jiná a nepřesně určená onemocnění vzniklá v perinatálním období;3;3;-;-;-;-;-;-;-;-;-;-;-;-;-;-;-;-;-;-;-;-;-;""
"";"";"";"";"";"";"";"";"";"";"";"";"";"";"";"";"";"";"";"";"";"";"";"";"";""
XVI;Příznaky a znaky nemocí a nedostatečně charakterizované stavy;253;29;-;-;-;-;-;-;-;3;2;5;5;5;8;12;10;18;20;9;23;37;67;""
780;Celkové příznaky;-;-;-;-;-;-;-;-;-;-;-;-;-;-;-;-;-;-;-;-;-;-;-;""
781;Příznaky od nervové, svalové nebo kosterní soustavy;-;-;-;-;-;-;-;-;-;-;-;-;-;-;-;-;-;-;-;-;-;-;-;""
782;Příznaky na kůži nebo na jiné povrchové tkáni;-;-;-;-;-;-;-;-;-;-;-;-;-;-;-;-;-;-;-;-;-;-;-;""
783;Příznaky týkající se výživy, přeměny látek a vývoje;-;-;-;-;-;-;-;-;-;-;-;-;-;-;-;-;-;-;-;-;-;-;-;""
784;Příznaky týkající se hlavy nebo krku;-;-;-;-;-;-;-;-;-;-;-;-;-;-;-;-;-;-;-;-;-;-;-;""
785;Příznaky od oběhové soustavy;1;-;-;-;-;-;-;-;-;-;-;-;-;-;-;-;-;-;1;-;-;-;-;""
786;Příznaky od dýchací soustavy a jiné příznaky hrudních onemocnění;-;-;-;-;-;-;-;-;-;-;-;-;-;-;-;-;-;-;-;-;-;-;-;""
787;Příznaky od trávicí soustavy;-;-;-;-;-;-;-;-;-;-;-;-;-;-;-;-;-;-;-;-;-;-;-;""
788;Příznaky od močové soustavy;1;-;-;-;-;-;-;-;-;-;-;-;-;-;-;-;-;-;1;-;-;-;-;""
789;Jiné příznaky břišní a pánevní;-;-;-;-;-;-;-;-;-;-;-;-;-;-;-;-;-;-;-;-;-;-;-;""
790;Nespecifické abnormální nálezy při vyšetření krve;-;-;-;-;-;-;-;-;-;-;-;-;-;-;-;-;-;-;-;-;-;-;-;""
791;Nespecifické abnormální nálezy při vyšetření moči;-;-;-;-;-;-;-;-;-;-;-;-;-;-;-;-;-;-;-;-;-;-;-;""
792;Nespecifické abnormální nálezy v jiných tělesných látkách;-;-;-;-;-;-;-;-;-;-;-;-;-;-;-;-;-;-;-;-;-;-;-;""
793;Nespecifické abnormální nálezy při radiologickém nebo jiném vyšetření tělesných orgánů;-;-;-;-;-;-;-;-;-;-;-;-;-;-;-;-;-;-;-;-;-;-;-;""
794;Nespecifické abnormální výsledky funkčních vyšetření;-;-;-;-;-;-;-;-;-;-;-;-;-;-;-;-;-;-;-;-;-;-;-;""
795;Nespecifické abnormální nálezy histologické a imunologické;-;-;-;-;-;-;-;-;-;-;-;-;-;-;-;-;-;-;-;-;-;-;-;""
796;Jiné nespecifické abnormální nálezy;-;-;-;-;-;-;-;-;-;-;-;-;-;-;-;-;-;-;-;-;-;-;-;""
797;Stařecká sešlost bez psychózy;116;-;-;-;-;-;-;-;-;-;-;-;-;-;-;-;-;-;1;5;15;31;64;""
798;Náhlé úmrtí z neznámé příčiny;70;29;-;-;-;-;-;-;-;-;-;1;3;2;4;1;4;6;10;2;6;2;-;""
799;Jiné nepřesně určené a neznámé příčiny nemocnosti a úmrtnosti;65;-;-;-;-;-;-;-;-;3;2;4;2;3;4;11;6;12;7;2;2;4;3;""
"";"";"";"";"";"";"";"";"";"";"";"";"";"";"";"";"";"";"";"";"";"";"";"";"";""
XVII;Poranění a otravy;4 567;55;18;10;5;19;65;71;182;287;221;309;373;348;267;239;290;328;295;247;393;303;242;""
800;Zlomenina lebeční klenby;153;-;-;-;-;2;7;3;11;13;7;11;15;10;9;8;10;16;8;3;8;7;5;""
801;"Zlomenina lebeční spodiny  ";377;-;-;1;-;1;10;13;29;33;22;22;27;29;34;21;33;35;22;15;12;13;5;""
802;"Zlomenina obličejových kosti  ";4;-;-;-;-;-;-;-;1;-;-;2;-;-;-;-;1;-;-;-;-;-;-;""
803;Jiná nebo ns zlomenina lebky;12;-;-;-;-;-;1;-;-;2;-;3;3;-;-;2;-;-;-;-;-;1;-;""
804;"Mnohočetné zlomeniny postihující lebku ";51;-;-;-;-;-;-;-;5;5;3;5;10;7;4;3;5;1;1;1;-;-;1;""
805;"Zlomenina páteře bez poškození míchy ";33;-;-;-;-;-;-;-;1;-;5;2;1;4;-;1;-;2;2;3;5;3;4;""
806;Zlomenina  páteře  s  poškozením míchy;101;-;-;-;-;2;2;2;11;7;6;10;7;6;4;7;11;4;7;5;4;3;3;""
807;Zlomenina žebra (žeber) hrudní kosti, hrtanu nebo průdušnice;112;-;-;-;-;-;-;-;4;9;1;4;7;5;5;5;6;16;15;9;10;8;8;""
808;"Zlomenina pánve ";50;-;-;-;-;-;-;-;-;1;3;4;-;5;3;2;1;6;3;4;8;6;4;""
809;Nepřesně  určené  zlomeniny kosti trupu;7;-;-;-;-;-;1;-;1;-;1;-;-;-;1;-;-;1;1;-;1;-;-;""
810;"Zlomenina klíční kosti ";1;-;-;-;-;-;-;-;-;-;-;-;-;-;-;-;-;1;-;-;-;-;-;""
811;"Zlomenina  lopatky ";-;-;-;-;-;-;-;-;-;-;-;-;-;-;-;-;-;-;-;-;-;-;-;""
812;"Zlomenina pažní kosti ";6;-;-;-;-;-;-;-;-;-;-;-;-;-;-;-;-;1;-;1;-;2;2;""
813;Zlomenina  kosti loketní a  (nebo) vřetenní;1;-;-;-;-;-;-;-;-;-;-;-;-;-;-;-;-;-;1;-;-;-;-;""
814;Zlomenina zápěstní kosti;-;-;-;-;-;-;-;-;-;-;-;-;-;-;-;-;-;-;-;-;-;-;-;""
815;Zlomenina záprstní kosti;-;-;-;-;-;-;-;-;-;-;-;-;-;-;-;-;-;-;-;-;-;-;-;""
816;Zlomenina jednoho nebo více článků prstů ruky;-;-;-;-;-;-;-;-;-;-;-;-;-;-;-;-;-;-;-;-;-;-;-;""
818;Nepřesně určené zlomeniny horní končetiny;-;-;-;-;-;-;-;-;-;-;-;-;-;-;-;-;-;-;-;-;-;-;-;""
819;Mnohočetné zlomeniny postihující obě horní končetiny nebo horní končetinu současně se žebrem (h. k.);15;-;-;-;-;-;-;-;-;-;-;-;3;-;4;-;5;-;-;-;2;1;-;""
820;"Zlomenina krčku stehenní kosti ";587;-;-;-;-;-;-;-;-;-;-;-;-;3;1;4;14;31;39;59;149;149;138;""
821;"Zlomenina  jiné nebo ns části stehenní kosti ";45;-;-;-;-;-;-;-;2;1;1;-;-;1;-;-;3;4;5;5;10;6;7;""
822;"Zlomenina čéšky ";1;-;-;-;-;-;-;-;-;-;-;-;-;-;-;-;1;-;-;-;-;-;-;""
823;Zlomenina holenní a (nebo) lýtkové kosti;19;-;-;-;-;-;-;-;1;1;-;-;1;-;2;-;1;2;3;-;1;6;1;""
824;"Zlomenina kotníku ";3;-;-;-;-;-;-;-;-;-;-;-;-;-;-;-;-;-;1;1;1;-;-;""
825;Zlomenina jedné nebo více nártních a (nebo zanártních) kostí;1;-;-;-;-;-;-;-;-;-;-;-;-;-;-;-;-;-;-;-;-;1;-;""
826;Zlomenina jednoho nebo více článků prstů nohy;-;-;-;-;-;-;-;-;-;-;-;-;-;-;-;-;-;-;-;-;-;-;-;""
827;Jiné mnohočetné nebo nepřesně určené zlomeniny dolní končetiny;-;-;-;-;-;-;-;-;-;-;-;-;-;-;-;-;-;-;-;-;-;-;-;""
828;"Mnohočetné zlomeniny postihující obě dolní končetiny, dolní a horní končetinu současně se žebrem ";10;-;-;-;-;-;-;-;-;2;-;-;1;1;1;-;-;-;-;-;3;-;2;""
829;Zlomenina blíže neurčené kosti;4;-;-;-;-;-;-;-;-;-;-;-;1;-;-;-;1;-;-;-;1;1;-;""
831;Vymknutí ramene;-;-;-;-;-;-;-;-;-;-;-;-;-;-;-;-;-;-;-;-;-;-;-;""
835;Vymknutí kyčle;-;-;-;-;-;-;-;-;-;-;-;-;-;-;-;-;-;-;-;-;-;-;-;""
" 836";Vymknutí kolena;-;-;-;-;-;-;-;-;-;-;-;-;-;-;-;-;-;-;-;-;-;-;-;""
838;Vymknutí nohy;-;-;-;-;-;-;-;-;-;-;-;-;-;-;-;-;-;-;-;-;-;-;-;""
840;Podvrtnutí nebo namožení ramene nebo nadloktí;-;-;-;-;-;-;-;-;-;-;-;-;-;-;-;-;-;-;-;-;-;-;-;""
843;Podvrtnutí nebo namožení kyčle;-;-;-;-;-;-;-;-;-;-;-;-;-;-;-;-;-;-;-;-;-;-;-;""
850;Otřes mozku;7;-;-;-;-;-;-;-;1;-;-;-;-;-;1;-;-;-;-;1;1;2;1;""
851;Roztržení nebo zhmoždění mozku;314;1;-;-;1;1;8;7;27;26;22;23;25;27;14;20;22;24;16;15;15;11;9;""
852;Subarachnoidalní subduralní nebo extradurální  krvácení po úraze;43;-;1;-;-;-;1;-;-;1;1;3;2;1;5;5;4;3;4;1;3;6;2;""
853;Jiné nebo ns nitrolební krvácení po úraze;14;-;-;-;-;-;-;-;4;1;-;2;1;-;-;-;-;-;2;2;-;-;2;""
854;Nitrolební poranění jiné nebo ns povahy;10;-;-;-;-;-;-;-;1;-;1;1;2;-;-;-;-;-;2;1;2;-;-;""
860;Traumatický pneumotorax nebo hemotorax;25;-;-;-;-;-;-;1;2;2;2;3;2;1;5;-;2;2;2;-;1;-;-;""
861;Poranění srdce nebo plic;100;1;-;1;-;-;-;-;3;13;8;7;13;15;7;7;6;3;10;4;2;-;-;""
862;Poranění jiných nebo ns hrudních orgánů;22;-;-;-;-;-;-;-;-;3;1;2;4;1;2;-;2;4;1;1;-;1;-;""
863;Poranění žaludku nebo střev;6;-;-;-;-;-;-;-;-;1;1;-;1;-;1;-;1;-;1;-;-;-;-;""
864;Poranění jater;18;-;-;-;-;-;-;1;-;4;2;-;1;2;3;-;1;2;2;-;-;-;-;""
865;Poranění sleziny;8;-;-;-;-;-;-;1;1;1;-;-;-;-;-;-;3;2;-;-;-;-;-;""
866;Poranění ledvin(y);1;-;-;-;-;-;-;-;1;-;-;-;-;-;-;-;-;-;-;-;-;-;-;""
867;Poranění pánevních orgánů;3;-;-;-;-;-;-;-;-;-;-;-;1;1;-;-;-;1;-;-;-;-;-;""
868;Poranění jiných nitrobřišních orgánů;15;-;-;-;-;-;1;-;-;1;1;-;5;-;1;2;2;1;-;1;-;-;-;""
869;Vnitřní poranění ns nebo nepřesně určených orgánů;290;-;-;1;1;-;4;4;10;37;17;25;36;27;20;13;23;26;14;6;17;3;6;""
871;Otevřená rána očního bulbu;1;-;-;-;-;1;-;-;-;-;-;-;-;-;-;-;-;-;-;-;-;-;-;""
873;Jiná otevřena rána hlavy;4;-;-;-;-;-;-;-;-;-;-;-;-;-;-;2;-;-;-;1;1;-;-;""
874;Otevřena rána krku;4;-;-;-;-;-;-;-;-;1;-;1;-;-;-;2;-;-;-;-;-;-;-;""
875;Otevřena rána (stěny) hrudníku;3;-;-;-;-;-;-;-;-;-;-;-;-;-;-;-;2;1;-;-;-;-;-;""
877;Otevřená rána hyždí;-;-;-;-;-;-;-;-;-;-;-;-;-;-;-;-;-;-;-;-;-;-;-;""
879;Otevřena  rána  jiného nebo ns místa nebo končetiny;2;-;-;-;-;-;-;-;-;-;-;-;-;-;-;1;1;-;-;-;-;-;-;""
880;Otevřená rána ramene;-;-;-;-;-;-;-;-;-;-;-;-;-;-;-;-;-;-;-;-;-;-;-;""
881;Otevřená rána lokte, předloktí;1;-;-;-;-;-;-;-;-;-;-;-;-;-;-;-;-;-;1;-;-;-;-;""
882;Otevřená rána ruky mimo zranění postihující prsty;-;-;-;-;-;-;-;-;-;-;-;-;-;-;-;-;-;-;-;-;-;-;-;""
884;Mnohočetné nebo blíže neurčené rány horní končetiny;-;-;-;-;-;-;-;-;-;-;-;-;-;-;-;-;-;-;-;-;-;-;-;""
885;Traumatická amputace palce ruky;-;-;-;-;-;-;-;-;-;-;-;-;-;-;-;-;-;-;-;-;-;-;-;""
886;Traumatická amputace jiného prstu;-;-;-;-;-;-;-;-;-;-;-;-;-;-;-;-;-;-;-;-;-;-;-;""
887;Traumatická amputace paže nebo ruky;4;-;-;-;-;-;-;1;1;-;1;-;-;-;1;-;-;-;-;-;-;-;-;""
890;Otevřená rána kyčle nebo stehna;-;-;-;-;-;-;-;-;-;-;-;-;-;-;-;-;-;-;-;-;-;-;-;""
891;Otevřená rána kolena, bérce nebo kotníku;-;-;-;-;-;-;-;-;-;-;-;-;-;-;-;-;-;-;-;-;-;-;-;""
892;Otevřená rána nohy mimo zranění postihující samotný prst;-;-;-;-;-;-;-;-;-;-;-;-;-;-;-;-;-;-;-;-;-;-;-;""
893;Otevřená rána prstu nohy;-;-;-;-;-;-;-;-;-;-;-;-;-;-;-;-;-;-;-;-;-;-;-;""
894;Mnohočetné nebo blíže neurčené otevřené rány dolní končetiny;-;-;-;-;-;-;-;-;-;-;-;-;-;-;-;-;-;-;-;-;-;-;-;""
895;Traumatická amputace prstu nohy;-;-;-;-;-;-;-;-;-;-;-;-;-;-;-;-;-;-;-;-;-;-;-;""
896;Traumatická amputace chodidla;-;-;-;-;-;-;-;-;-;-;-;-;-;-;-;-;-;-;-;-;-;-;-;""
897;Traumatická amputace dolní(ch) končetin(y) nad kotníkem;2;-;-;-;-;-;-;-;-;-;-;1;-;-;-;-;-;-;-;-;-;1;-;""
900;Poranění cév hlavy nebo krku;9;-;-;-;-;-;-;-;-;-;-;1;2;2;-;-;-;2;1;-;1;-;-;""
901;Poranění cév hrudníku;11;-;-;-;-;-;-;-;-;-;-;2;4;1;1;-;1;1;-;-;-;1;-;""
902;Poranění cév břicha nebo pánve;-;-;-;-;-;-;-;-;-;-;-;-;-;-;-;-;-;-;-;-;-;-;-;""
903;Poranění cév horní končetiny;19;-;-;-;-;-;-;-;-;2;-;3;-;1;3;2;2;2;2;1;1;-;-;""
904;Poranění cév dolní končetiny nebo ns míst;8;-;-;-;-;-;-;-;-;1;1;2;-;3;-;-;1;-;-;-;-;-;-;""
907;Pozdní následky poranění nervové soustavy;1;-;-;-;-;-;-;-;-;-;-;-;-;-;-;-;-;1;-;-;-;-;-;""
908;Pozdní následky jiných nebo ns poranění;-;-;-;-;-;-;-;-;-;-;-;-;-;-;-;-;-;-;-;-;-;-;-;""
910;Povrchová poranění obličeje,krku nebo části hlavy mimo oko;-;-;-;-;-;-;-;-;-;-;-;-;-;-;-;-;-;-;-;-;-;-;-;""
911;Povrchní poranění trupu;-;-;-;-;-;-;-;-;-;-;-;-;-;-;-;-;-;-;-;-;-;-;-;""
920;Zhmoždění obličeje, vlasové části nebo krku;-;-;-;-;-;-;-;-;-;-;-;-;-;-;-;-;-;-;-;-;-;-;-;""
922;Zhmoždění trupu;3;-;-;-;-;-;-;-;1;1;-;-;-;-;-;-;-;-;-;-;-;-;1;""
923;Zhmoždění horní končetiny;-;-;-;-;-;-;-;-;-;-;-;-;-;-;-;-;-;-;-;-;-;-;-;""
924;Zhmoždění dolní končetiny nebo jiných nebo ns míst;-;-;-;-;-;-;-;-;-;-;-;-;-;-;-;-;-;-;-;-;-;-;-;""
925;"Tržně zhmožděné zranění obličeje ";2;-;-;-;-;-;1;-;-;-;-;1;-;-;-;-;-;-;-;-;-;-;-;""
926;Tržné zhmožděné poranění trupu;-;-;-;-;-;-;-;-;-;-;-;-;-;-;-;-;-;-;-;-;-;-;-;""
927;Tržné zhmožděné poranění horní končetiny;-;-;-;-;-;-;-;-;-;-;-;-;-;-;-;-;-;-;-;-;-;-;-;""
928;Tržně zhmožděné poranění dolní končetiny;-;-;-;-;-;-;-;-;-;-;-;-;-;-;-;-;-;-;-;-;-;-;-;""
929;Tržně  zhmožděné zranění mnoha nebo ns míst;5;-;-;-;-;-;1;-;-;1;-;1;-;1;1;-;-;-;-;-;-;-;-;""
930;Cizí těleso ve vnějším oku;-;-;-;-;-;-;-;-;-;-;-;-;-;-;-;-;-;-;-;-;-;-;-;""
931;Cizí těleso v uchu;-;-;-;-;-;-;-;-;-;-;-;-;-;-;-;-;-;-;-;-;-;-;-;""
933;Cizí těleso v hltanu nebo hrtanu;135;44;4;1;-;-;2;2;2;5;3;6;4;10;9;5;8;11;7;2;6;2;2;""
934;Cizí těleso v průdušnici, průdušce nebo plicích;9;3;-;-;-;-;-;-;-;-;1;-;1;-;-;1;-;-;1;1;1;-;-;""
935;Cizí těleso v ústech, jícnu nebo žaludku;1;-;-;-;-;-;-;-;-;-;1;-;-;-;-;-;-;-;-;-;-;-;-;""
936;Cizí těleso ve střevě mimo konečník;1;-;-;-;-;-;-;-;-;-;-;-;-;-;-;-;-;-;1;-;-;-;-;""
937;Cizí těleso v řiti nebo konečníku;-;-;-;-;-;-;-;-;-;-;-;-;-;-;-;-;-;-;-;-;-;-;-;""
938;Cizí těleso v trávicím ústrojí bez bližšího určení;-;-;-;-;-;-;-;-;-;-;-;-;-;-;-;-;-;-;-;-;-;-;-;""
941;Popálenina obličeje hlavy a (nebo) krku;4;-;-;-;-;-;-;-;-;-;-;1;-;-;1;1;1;-;-;-;-;-;-;""
942;Popálenina trupu;6;-;-;-;-;-;-;-;-;-;-;1;-;-;1;-;1;-;-;-;2;1;-;""
943;Popálenina horní končetiny mimo zápěstí a ruky;1;-;-;-;-;-;-;-;-;-;-;-;-;-;-;-;-;-;-;-;1;-;-;""
944;Popálenina  zapěstí a  (nebo) ruky(ou);-;-;-;-;-;-;-;-;-;-;-;-;-;-;-;-;-;-;-;-;-;-;-;""
945;Popálenina dolní(ch) končetin(y);6;-;-;-;-;-;-;-;-;-;-;-;-;-;-;-;1;-;1;-;2;1;1;""
946;Popáleniny mnoha určených míst;11;1;1;-;-;-;-;1;-;-;-;1;1;1;1;-;-;1;2;-;1;-;-;""
947;Popáleniny vnitřních orgánů;3;-;-;-;-;-;-;-;-;-;-;1;-;-;-;1;-;1;-;-;-;-;-;""
948;Popáleniny tříděné podle rozsahu postiženého povrchu těla;24;-;1;-;-;-;-;-;2;2;-;-;3;3;-;1;2;-;2;1;3;3;1;""
949;Popáleniny ns;16;-;1;-;-;-;-;-;-;1;-;-;5;1;1;1;-;3;1;-;2;-;-;""
951;Poranění jiného mozkového nervu;-;-;-;-;-;-;-;-;-;-;-;-;-;-;-;-;-;-;-;-;-;-;-;""
952;Poranění míchy bez zjevného poranění páteře;-;-;-;-;-;-;-;-;-;-;-;-;-;-;-;-;-;-;-;-;-;-;-;""
958;Některé časné komplikace úrazu;18;-;-;-;-;-;-;-;-;2;-;2;-;3;2;1;2;1;-;3;2;-;-;""
959;Jiná a ns poranění;11;-;-;-;-;-;-;-;1;-;-;1;2;-;1;3;-;2;-;1;-;-;-;""
" 960";Otrava antibiotiky;-;-;-;-;-;-;-;-;-;-;-;-;-;-;-;-;-;-;-;-;-;-;-;""
" 961";Otrava jinými prostřeky proti infekcím;-;-;-;-;-;-;-;-;-;-;-;-;-;-;-;-;-;-;-;-;-;-;-;""
962;Otravy hormony a jejich syntetickými náhradami;1;-;-;-;-;-;-;-;-;-;1;-;-;-;-;-;-;-;-;-;-;-;-;""
963;Otrava látkami působícími přímo na celý organismus;1;-;-;-;-;-;-;-;-;-;1;-;-;-;-;-;-;-;-;-;-;-;-;""
964;Otrava látkami působícími na složky krve;1;-;-;-;-;-;-;-;-;-;-;-;-;-;-;-;-;1;-;-;-;-;-;""
965;Otravy analgetiky, antipyretiky a antirevmatiky;-;-;-;-;-;-;-;-;-;-;-;-;-;-;-;-;-;-;-;-;-;-;-;""
966;Otravy antikonvulzivy a leky proti Parkinsonově nemoci;1;-;-;-;-;-;-;-;-;-;-;-;-;-;1;-;-;-;-;-;-;-;-;""
967;Otravy sedativy a hypnotiky;7;-;-;-;-;-;-;-;-;-;-;1;1;1;1;1;-;1;-;-;1;-;-;""
968;Otravy jinými látkami s tlumivým účinkem na cns;3;-;-;-;-;-;-;-;-;1;2;-;-;-;-;-;-;-;-;-;-;-;-;""
969;Otravy psychofarmaky;8;-;-;1;-;-;-;-;1;-;1;2;-;-;-;1;1;-;-;-;1;-;-;""
970;otrava stimulancií CNS;-;-;-;-;-;-;-;-;-;-;-;-;-;-;-;-;-;-;-;-;-;-;-;""
971;Otravy látkami působícími především na autonomní nervovou soustavu;-;-;-;-;-;-;-;-;-;-;-;-;-;-;-;-;-;-;-;-;-;-;-;""
972;Otravy látkami působícími především na oběhovou soustavu;1;-;-;-;-;-;-;-;-;-;-;-;-;-;-;1;-;-;-;-;-;-;-;""
973;Otravy látkami působícími především na trávící soustavu;1;-;-;-;-;-;-;-;-;-;-;-;-;-;-;-;-;-;1;-;-;-;-;""
975;Otravy látkami působícími především na hladké nebo nebo kosterní svaly nebo dýchací soustasvu;-;-;-;-;-;-;-;-;-;-;-;-;-;-;-;-;-;-;-;-;-;-;-;""
976;Otravy látkami působícími především na kůži a (nebo) sliznici;-;-;-;-;-;-;-;-;-;-;-;-;-;-;-;-;-;-;-;-;-;-;-;""
977;Otravy jinými nebo ns léky a přípravky;45;-;-;-;-;-;-;-;2;4;9;2;5;3;4;3;5;2;-;4;1;-;1;""
979;Otrava jinými očkkovacíma a biologickými látkami;2;-;-;-;-;-;-;-;-;-;-;-;-;-;-;-;-;-;1;-;-;1;-;""
980;Toxické účinky alkoholu;51;-;-;-;-;-;-;-;-;3;1;8;9;10;8;6;2;1;2;-;1;-;-;""
981;Toxické  účinky  výrobku  z ropy;-;-;-;-;-;-;-;-;-;-;-;-;-;-;-;-;-;-;-;-;-;-;-;""
982;Toxické účinky rozpustidel  mimo výrobky z ropy;11;-;-;-;-;-;-;-;2;2;1;2;1;1;-;-;-;1;1;-;-;-;-;""
983;Toxické účinky leptavých aromatických látek, kyselin a žíravých alkálií;4;-;-;-;-;-;-;-;-;-;-;-;1;1;-;1;-;-;-;-;-;1;-;""
984;Toxický účinek olova a jeho sloučenin;-;-;-;-;-;-;-;-;-;-;-;-;-;-;-;-;-;-;-;-;-;-;-;""
985;Toxický účinek jiných kovů;-;-;-;-;-;-;-;-;-;-;-;-;-;-;-;-;-;-;-;-;-;-;-;""
986;Toxické účinky kysličníku uhelnatého;284;-;1;2;2;-;1;3;6;20;18;27;28;33;18;21;11;20;12;23;19;12;7;""
987;"Toxické účinky jiných plynů, dýmů nebo par ";7;-;-;-;-;-;-;-;1;-;3;-;2;-;-;-;1;-;-;-;-;-;-;""
988;Toxické účinky škodlivých látek požítých v potravě;1;-;-;-;-;-;-;-;-;-;-;-;-;-;1;-;-;-;-;-;-;-;-;""
989;Toxické účinky jiných látek používaných převážně mimo lékařství;31;-;-;-;-;-;-;-;2;4;4;3;5;1;2;2;6;-;1;-;-;1;-;""
990;Účinky záření ns;-;-;-;-;-;-;-;-;-;-;-;-;-;-;-;-;-;-;-;-;-;-;-;""
991;Účinky snížené teploty;39;-;-;-;-;-;-;-;1;2;1;3;6;6;1;3;2;6;2;2;3;1;-;""
992;Účinky horka a světla;-;-;-;-;-;-;-;-;-;-;-;-;-;-;-;-;-;-;-;-;-;-;-;""
993;Účinky tlaku vzduchu;-;-;-;-;-;-;-;-;-;-;-;-;-;-;-;-;-;-;-;-;-;-;-;""
994;Účinky jiných vnějších příčin;1 265;5;9;3;1;12;25;32;44;71;67;107;123;119;81;79;81;79;92;70;88;48;29;""
995;Některé nepříznivé účinky nezařazené jinde;7;-;-;-;-;-;-;-;-;-;-;-;1;-;1;-;1;3;1;-;-;-;"";""
996;Komplikace specifické pro některé přesně určené výkony;-;-;-;-;-;-;-;-;-;-;-;-;-;-;-;-;-;-;-;-;-;-;"";""
997;Komplikace postihující určité telesné soustavy a nezařazené jinde;-;-;-;-;-;-;-;-;-;-;-;-;-;-;-;-;-;-;-;-;-;-;"";""
998;Jiné komplikace výkonu nezařazené jinde;2;-;-;-;-;-;-;-;-;-;-;-;-;1;-;-;-;-;1;-;-;-;"";""
999;Komplikace lékařské péče nezařazené jinde;-;-;-;-;-;-;-;-;-;-;-;-;-;-;-;-;-;-;-;-;-;-;"";""