1966,Zemřelé ženy podle podrobného seznamu příčin smrti a věku,,,,,,,,,,,,,,,,,,,,,,,
MKN (1955),Název,Celkem,0,1,2,3,4,5-9,10-14,15-19,20-24,25-29,30-34,35-39,40-44,45-49,50-54,55-59,60-64,65-69,70-74,75-79,80-84,85+
,,,,,,,,,,,,,,,,,,,,,,,,
,CELKEM ZEMŘELÝCH ŽEN,49 696,1 264,76,51,39,24,103,120,218,191,183,226,430,734,717,1 646,2 742,4 137,6 097,7 936,8 791,7 745,6 226
,,,,,,,,,,,,,,,,,,35,,,,,,
I,Nemoci přenosné a cizopasné,554,7,5,5,3,1,3,2,5,3,2,3,9,17,11,19,35,58,75,116,81,68,26
1,Tuberkulosa ústrojí dýchacího (z povolání),5,-,-,-,-,-,-,-,-,-,-,-,-,-,-,-,1,2,2,-,-,-,-
2,Tuberkulosa plic,271,1,-,-,-,-,-,-,-,-,-,-,3,6,5,7,13,21,38,66,51,42,18
3,Tuberkuloda pohrudnice,1,-,-,-,-,-,-,-,-,-,-,-,-,-,-,-,-,-,-,1,-,-,-
4,Primární tuberkulosní komplex,-,-,-,-,-,-,-,-,-,-,-,-,-,-,-,-,-,-,-,-,-,-,-
5,Tuberkulosa průdušnicových a průduškových uzlin,14,-,-,-,-,-,-,-,-,-,-,-,-,1,-,-,-,4,-,3,4,2,-
6,Roentgenologický nález podezřelý z aktivní tuberkulosy dýchacího ústrojí,-,-,-,-,-,-,-,-,-,-,-,-,-,-,-,-,-,-,-,-,-,-,-
7,Ostatní tuberkulosa dýchacího ústrojí,-,-,-,-,-,-,-,-,-,-,-,-,-,-,-,-,-,-,-,-,-,-,-
8,Tuberkulosa neoznačeného umístění,1,-,-,-,-,-,-,-,-,-,-,-,-,-,-,-,-,-,-,-,1,-,-
10,Tuberkulosa mozkomíšních plen a centrálního nervstva,7,-,-,-,-,-,-,-,1,-,-,-,-,-,-,1,1,-,1,3,-,-,-
11,"Tuberkulosa střev, pobřišnice a uzlin okruží",6,-,-,-,-,-,-,-,-,-,-,-,1,-,-,1,1,-,-,1,1,1,-
12,"Tuberkulosa kostí a kloubů, aktivní nebo blíže neurčená",9,-,-,-,-,-,-,-,-,-,-,-,1,-,-,-,-,1,1,-,5,-,1
13,Pozdní následky tuberkulosy kostí a kloubů,-,-,-,-,-,-,-,-,-,-,-,-,-,-,-,-,-,-,-,-,-,-,-
14,Tuberkulosa kůže a podkožního vaziva,-,-,-,-,-,-,-,-,-,-,-,-,-,-,-,-,-,-,-,-,-,-,-
15,Tuberkulosa soustavy mízní,8,-,-,-,-,-,-,-,-,-,-,-,-,-,-,1,-,-,1,5,-,-,1
16,Tuberkulosa ústrojí močového a pohlavního,4,-,-,-,-,-,-,-,-,1,-,-,-,1,-,-,1,-,-,1,-,-,-
17,Tuberkulosa nadledvinek,1,-,-,-,-,-,-,-,-,-,-,-,-,-,-,-,-,-,-,1,-,-,-
18,Tuberkulosa jiných orgánů,1,-,-,-,-,-,-,-,-,-,-,-,-,-,-,-,-,-,-,1,-,-,-
19,Tuberkulosa několika orgánů,4,-,-,-,-,-,-,-,-,-,-,-,1,1,-,-,-,-,-,1,-,1,-
20,Příjice vrozená,-,-,-,-,-,-,-,-,-,-,-,-,-,-,-,-,-,-,-,-,-,-,-
21,Příjice získaná,14,-,-,-,-,-,-,-,-,-,-,-,-,-,-,-,1,1,3,3,2,3,1
22,Výduť srdečnice,9,-,-,-,-,-,-,-,-,-,-,-,-,1,-,-,-,1,-,6,-,1,-
23,Ostatní druhy příjice soustavy cevní,28,-,-,-,-,-,-,-,-,-,-,-,-,-,1,1,1,7,6,5,5,2,-
24,Úbytě míchy,5,-,-,-,-,-,-,-,-,-,-,-,-,-,-,-,-,1,2,1,-,1,-
25,Progresivní paralysa,17,-,-,-,-,-,-,-,-,-,-,-,1,-,1,1,1,5,2,3,1,2,-
26,Ostatní druhy příjice centrálního nervstva,7,-,-,-,-,-,-,-,-,-,-,-,-,1,-,-,1,-,4,1,-,-,-
27,Jiné druhy pozdní příjice,-,-,-,-,-,-,-,-,-,-,-,-,-,-,-,-,-,-,-,-,-,-,-
28,Latentní příjice,-,-,-,-,-,-,-,-,-,-,-,-,-,-,-,-,-,-,-,-,-,-,-
29,Příjice blíže neurčená,2,-,-,-,-,-,-,-,-,-,-,-,-,-,-,-,1,-,-,1,-,-,-
30,Kapavka akutní nebo blíže neurčená,-,-,-,-,-,-,-,-,-,-,-,-,-,-,-,-,-,-,-,-,-,-,-
31,Chronická gonokokové onemocnění ústrojí močového a pohlavního,-,-,-,-,-,-,-,-,-,-,-,-,-,-,-,-,-,-,-,-,-,-,-
32,Gonokokové onemocnění kloubů,-,-,-,-,-,-,-,-,-,-,-,-,-,-,-,-,-,-,-,-,-,-,-
33,Gonokokové onemocnění oční,-,-,-,-,-,-,-,-,-,-,-,-,-,-,-,-,-,-,-,-,-,-,-
34,Gonokokové onemocnění jiných orgánů,-,-,-,-,-,-,-,-,-,-,-,-,-,-,-,-,-,-,-,-,-,-,-
35,Pozdní následky gonokokové onemocnění,-,-,-,-,-,-,-,-,-,-,-,-,-,-,-,-,-,-,-,-,-,-,-
36,Měkký vřed,-,-,-,-,-,-,-,-,-,-,-,-,-,-,-,-,-,-,-,-,-,-,-
37,Lymphogranuloma venereum,-,-,-,-,-,-,-,-,-,-,-,-,-,-,-,-,-,-,-,-,-,-,-
38,Granuloma venereum,-,-,-,-,-,-,-,-,-,-,-,-,-,-,-,-,-,-,-,-,-,-,-
39,Jiné nebo blíže neurčené pohlavní nemoci,-,-,-,-,-,-,-,-,-,-,-,-,-,-,-,-,-,-,-,-,-,-,-
40,Břišní tyfus,-,-,-,-,-,-,-,-,-,-,-,-,-,-,-,-,-,-,-,-,-,-,-
41,Paratyfus,-,-,-,-,-,-,-,-,-,-,-,-,-,-,-,-,-,-,-,-,-,-,-
42,Jiné nakažlivé nemoci způsobené salmonelami,2,-,-,-,-,-,-,-,-,-,-,-,-,-,-,-,1,-,-,1,-,-,-
43,Cholera,-,-,-,-,-,-,-,-,-,-,-,-,-,-,-,-,-,-,-,-,-,-,-
44,Horečka vlnivá,-,-,-,-,-,-,-,-,-,-,-,-,-,-,-,-,-,-,-,-,-,-,-
45,Úplavice bacilární,11,-,-,-,-,-,-,1,-,-,-,-,-,-,-,-,-,1,1,1,2,4,1
46,Úplavice amoebová,-,-,-,-,-,-,-,-,-,-,-,-,-,-,-,-,-,-,-,-,-,-,-
47,Jiné úplavice protozoární,-,-,-,-,-,-,-,-,-,-,-,-,-,-,-,-,-,-,-,-,-,-,-
48,Blíže neurčené formy úplavice,-,-,-,-,-,-,-,-,-,-,-,-,-,-,-,-,-,-,-,-,-,-,-
49,Otravy potravinami,-,-,-,-,-,-,-,-,-,-,-,-,-,-,-,-,-,-,-,-,-,-,-
50,Spála,-,-,-,-,-,-,-,-,-,-,-,-,-,-,-,-,-,-,-,-,-,-,-
51,Angina streptokoková,-,-,-,-,-,-,-,-,-,-,-,-,-,-,-,-,-,-,-,-,-,-,-
52,Růže,12,-,-,-,-,-,-,-,-,-,-,-,-,-,-,-,1,2,-,2,2,3,2
53,Sepse prostá i s metastasami,7,1,-,-,-,-,-,-,-,-,-,-,-,-,1,-,-,1,1,2,1,-,-
54,Bakteriální otrava krve,2,2,-,-,-,-,-,-,-,-,-,-,-,-,-,-,-,-,-,-,-,-,-
55,Záškrt,4,-,-,-,-,-,-,-,-,-,-,-,1,2,-,-,1,-,-,-,-,-,-
56,Dávivý kašel,1,1,-,-,-,-,-,-,-,-,-,-,-,-,-,-,-,-,-,-,-,-,-
57,Meningokokové nákazy,2,1,1,-,-,-,-,-,-,-,-,-,-,-,-,-,-,-,-,-,-,-,-
58,Mor,-,-,-,-,-,-,-,-,-,-,-,-,-,-,-,-,-,-,-,-,-,-,-
59,Tularemie,-,-,-,-,-,-,-,-,-,-,-,-,-,-,-,-,-,-,-,-,-,-,-
60,Malomocenství,-,-,-,-,-,-,-,-,-,-,-,-,-,-,-,-,-,-,-,-,-,-,-
61,Ztrnutí,19,-,-,-,-,-,-,-,-,-,-,1,-,1,1,2,3,2,3,-,3,2,1
62,Uhlák,-,-,-,-,-,-,-,-,-,-,-,-,-,-,-,-,-,-,-,-,-,-,-
63,Sněť plynatá,-,-,-,-,-,-,-,-,-,-,-,-,-,-,-,-,-,-,-,-,-,-,-
64,Jiné bakteriální nemoci,-,-,-,-,-,-,-,-,-,-,-,-,-,-,-,-,-,-,-,-,-,-,-
70,Vincentova angina,-,-,-,-,-,-,-,-,-,-,-,-,-,-,-,-,-,-,-,-,-,-,-
71,Návratná horečka,-,-,-,-,-,-,-,-,-,-,-,-,-,-,-,-,-,-,-,-,-,-,-
72,Weilova nemoc,1,-,-,-,-,-,-,-,-,-,-,-,-,-,-,-,-,1,-,-,-,-,-
73,Framboesia,-,-,-,-,-,-,-,-,-,-,-,-,-,-,-,-,-,-,-,-,-,-,-
74,Jiná spirochaetová a leptospirová onemocnění,-,-,-,-,-,-,-,-,-,-,-,-,-,-,-,-,-,-,-,-,-,-,-
80,Prudká obrna dětská,-,-,-,-,-,-,-,-,-,-,-,-,-,-,-,-,-,-,-,-,-,-,-
81,Pozdní následky prudké dětské obrny,-,-,-,-,-,-,-,-,-,-,-,-,-,-,-,-,-,-,-,-,-,-,-
82,Prudký infekční zánět mozku,13,-,-,1,-,-,1,1,3,-,1,-,-,1,-,2,-,-,2,1,-,-,-
83,Pozdní následky epidemického zánětu mozku,6,-,-,-,-,-,-,-,-,-,-,-,-,-,-,-,2,2,2,-,-,-,-
84,Neštovice,-,-,-,-,-,-,-,-,-,-,-,-,-,-,-,-,-,-,-,-,-,-,-
85,Spalničky,12,-,4,4,2,1,1,-,-,-,-,-,-,-,-,-,-,-,-,-,-,-,-
86,Zarděnky,-,-,-,-,-,-,-,-,-,-,-,-,-,-,-,-,-,-,-,-,-,-,-
87,Plané neštovice,-,-,-,-,-,-,-,-,-,-,-,-,-,-,-,-,-,-,-,-,-,-,-
88,Pásový opar,3,-,-,-,-,-,-,-,-,-,-,-,-,-,-,-,1,1,-,-,-,-,1
89,Epidemický zánět příušnic,-,-,-,-,-,-,-,-,-,-,-,-,-,-,-,-,-,-,-,-,-,-,-
90,Dengue,-,-,-,-,-,-,-,-,-,-,-,-,-,-,-,-,-,-,-,-,-,-,-
91,Žlutá zimnice,-,-,-,-,-,-,-,-,-,-,-,-,-,-,-,-,-,-,-,-,-,-,-
92,Epidemický zánět jater,39,-,-,-,-,-,-,-,1,2,1,2,1,1,2,2,4,5,6,6,3,3,-
93,Infekční mononucleosa,-,-,-,-,-,-,-,-,-,-,-,-,-,-,-,-,-,-,-,-,-,-,-
94,Vzteklina,-,-,-,-,-,-,-,-,-,-,-,-,-,-,-,-,-,-,-,-,-,-,-
95,Trachom,-,-,-,-,-,-,-,-,-,-,-,-,-,-,-,-,-,-,-,-,-,-,-
96,Ostatní nemoci připisované virům,3,-,-,-,1,-,1,-,-,-,-,-,-,-,-,-,-,-,-,-,-,1,-
100,Skvrnivka,-,-,-,-,-,-,-,-,-,-,-,-,-,-,-,-,-,-,-,-,-,-,-
101,Endemická skvrnivka,-,-,-,-,-,-,-,-,-,-,-,-,-,-,-,-,-,-,-,-,-,-,-
102,Americká skvrnivka,-,-,-,-,-,-,-,-,-,-,-,-,-,-,-,-,-,-,-,-,-,-,-
103,Mexická skvrnivka,-,-,-,-,-,-,-,-,-,-,-,-,-,-,-,-,-,-,-,-,-,-,-
104,Rocky-Mountainská skvrnivka,-,-,-,-,-,-,-,-,-,-,-,-,-,-,-,-,-,-,-,-,-,-,-
105,Skvrnivka přenášená roztoči,-,-,-,-,-,-,-,-,-,-,-,-,-,-,-,-,-,-,-,-,-,-,-
106,Volyňská zimnice,-,-,-,-,-,-,-,-,-,-,-,-,-,-,-,-,-,-,-,-,-,-,-
107,Skvrnivka blíže neurčená,-,-,-,-,-,-,-,-,-,-,-,-,-,-,-,-,-,-,-,-,-,-,-
108,Ostatní rickettsiosy,-,-,-,-,-,-,-,-,-,-,-,-,-,-,-,-,-,-,-,-,-,-,-
110,Malarie třídenní,-,-,-,-,-,-,-,-,-,-,-,-,-,-,-,-,-,-,-,-,-,-,-
111,Malarie čtvrtodenní,-,-,-,-,-,-,-,-,-,-,-,-,-,-,-,-,-,-,-,-,-,-,-
112,Malarie zhoubná,-,-,-,-,-,-,-,-,-,-,-,-,-,-,-,-,-,-,-,-,-,-,-
113,Malarie způsobená plasmodiem ovale,-,-,-,-,-,-,-,-,-,-,-,-,-,-,-,-,-,-,-,-,-,-,-
114,Smíšené malarické infekce,-,-,-,-,-,-,-,-,-,-,-,-,-,-,-,-,-,-,-,-,-,-,-
115,Biliosní haemoglobinurická horečka,-,-,-,-,-,-,-,-,-,-,-,-,-,-,-,-,-,-,-,-,-,-,-
116,Jiné a blíže neurčené formy malarie,-,-,-,-,-,-,-,-,-,-,-,-,-,-,-,-,-,-,-,-,-,-,-
117,Recidivující malarie po naočkování,-,-,-,-,-,-,-,-,-,-,-,-,-,-,-,-,-,-,-,-,-,-,-
120,Leishmaniosy,-,-,-,-,-,-,-,-,-,-,-,-,-,-,-,-,-,-,-,-,-,-,-
121,Trypanosomiasy,-,-,-,-,-,-,-,-,-,-,-,-,-,-,-,-,-,-,-,-,-,-,-
122,Ostatní nemoci způsobené protozoy,1,1,-,-,-,-,-,-,-,-,-,-,-,-,-,-,-,-,-,-,-,-,-
123,Schistosomiasis,-,-,-,-,-,-,-,-,-,-,-,-,-,-,-,-,-,-,-,-,-,-,-
124,Nemoci způsobené ostatními trematody,-,-,-,-,-,-,-,-,-,-,-,-,-,-,-,-,-,-,-,-,-,-,-
125,Měchožil,-,-,-,-,-,-,-,-,-,-,-,-,-,-,-,-,-,-,-,-,-,-,-
126,Jiné infekce cestody,-,-,-,-,-,-,-,-,-,-,-,-,-,-,-,-,-,-,-,-,-,-,-
127,Filariasis,-,-,-,-,-,-,-,-,-,-,-,-,-,-,-,-,-,-,-,-,-,-,-
128,Trichinellosis,-,-,-,-,-,-,-,-,-,-,-,-,-,-,-,-,-,-,-,-,-,-,-
129,Ankylostomiasis,-,-,-,-,-,-,-,-,-,-,-,-,-,-,-,-,-,-,-,-,-,-,-
130,"Onemocnění jinými hlísty, smíšená nebo blíže neurčená",-,-,-,-,-,-,-,-,-,-,-,-,-,-,-,-,-,-,-,-,-,-,-
131,Dermatophytosis,-,-,-,-,-,-,-,-,-,-,-,-,-,-,-,-,-,-,-,-,-,-,-
132,Actinomycosis,-,-,-,-,-,-,-,-,-,-,-,-,-,-,-,-,-,-,-,-,-,-,-
133,Coccidiodomycosis,-,-,-,-,-,-,-,-,-,-,-,-,-,-,-,-,-,-,-,-,-,-,-
134,Ostatní plísňová onemocnění,-,-,-,-,-,-,-,-,-,-,-,-,-,-,-,-,-,-,-,-,-,-,-
135,Svrab,-,-,-,-,-,-,-,-,-,-,-,-,-,-,-,-,-,-,-,-,-,-,-
136,Zavšivení,-,-,-,-,-,-,-,-,-,-,-,-,-,-,-,-,-,-,-,-,-,-,-
137,Ostatní nemoci způsobené členovci,-,-,-,-,-,-,-,-,-,-,-,-,-,-,-,-,-,-,-,-,-,-,-
138,Ostatní přenosné a cizopasné nemoci,2,-,-,-,-,-,-,-,-,-,-,-,-,1,-,1,-,-,-,-,-,-,-
,,,,,,,,,,,,,,,,,,,,,,,,
II,Novotvary,10 211,5,2,5,8,2,24,23,40,25,47,70,159,328,306,704,1 045,1 332,1 599,1 716,1 431,896,444
140,Zhoubný novotvar rtu,4,-,-,-,-,-,-,-,-,-,-,-,-,-,-,-,-,-,-,-,-,2,2
141,Zhoubný novotvar jazyka,4,-,-,-,-,-,-,-,-,-,-,-,-,-,-,-,1,-,2,-,-,1,-
142,Zhoubný novotvar slinných žláz,13,-,-,-,-,-,-,-,-,-,-,-,-,-,-,1,1,2,1,1,4,2,1
143,Zhoubný novotvar spodiny ústní,3,-,-,-,-,-,-,-,-,-,-,-,-,-,-,-,-,-,1,-,1,-,1
144,Zhoubný novotvar jiných částí úst a zhoubný novotvar neurčené části dutiny ústní,14,-,-,-,-,-,-,-,-,-,1,1,-,-,-,-,-,2,-,3,3,3,1
145,Zhoubný novotvar ústní částí hltanu a mandlí,8,-,-,-,-,-,-,-,-,-,-,-,-,-,-,1,-,1,2,-,1,2,1
146,Zhoubný novotvar nosohltanu,7,-,-,-,-,-,-,-,-,-,-,-,-,1,-,1,2,-,-,-,1,2,-
147,Zhoubný novotvar hrtanové části hltanu,6,-,-,-,-,-,-,-,-,-,-,-,-,-,-,2,-,1,2,1,-,-,-
148,Zhoubný novotvar neurčené části hltanu,9,-,-,-,-,-,-,-,-,-,-,-,-,-,-,2,1,1,1,-,2,1,1
150,Zhoubný novotvar jícnu,51,-,-,-,-,-,-,-,-,-,-,-,-,1,1,2,7,4,4,9,13,5,5
151,Zhoubný novotvar žaludku,1 960,-,-,-,-,-,-,-,-,2,4,4,9,34,26,97,137,202,329,408,354,242,112
152,Zhoubný novotvar tenkého střeva a dvanácterníku,18,-,-,-,-,-,-,-,-,-,-,-,-,1,-,2,2,2,2,3,4,-,2
153,Zhoubný novotvar tlustého střeva vyjma konečníku,528,-,-,-,-,-,-,-,-,1,2,2,5,7,17,26,39,66,96,83,94,58,32
154,Zhoubný novotvar konečníku,462,-,-,-,-,-,-,-,-,2,-,3,6,11,5,29,49,67,76,74,73,46,21
155,Zhoubný novotvar žlučových cest a jater (určený jako primární),948,-,-,-,1,-,-,-,2,-,-,-,4,9,15,43,69,126,176,190,164,99,50
156,Zhoubný novotvar jater (sekundární nebo neurčený),-,-,-,-,-,-,-,-,-,-,-,-,-,-,-,-,-,-,-,-,-,-,-
157,Zhoubný novotvar slinivky břišní,358,-,-,-,-,-,-,-,-,-,-,-,2,3,10,16,38,64,70,71,52,24,8
158,Zhoubný novotvar pobřišnice,70,-,-,-,-,-,-,-,-,-,-,-,-,3,2,2,7,11,16,13,9,5,2
159,Zhoubný novotvar neurčené části trávicího ústrojí,230,-,-,-,-,-,-,-,1,-,-,-,-,1,2,5,21,25,29,44,51,28,23
160,"Zhoubný novotvar nosu, dutiny nosní, středního ucha a vedlejších dutin",9,-,-,-,-,-,-,-,-,-,-,-,-,1,-,-,1,1,1,-,-,5,-
161,Zhoubný novotvar hrtanu,13,-,-,-,-,-,-,-,-,-,-,-,-,2,-,-,-,3,1,2,5,-,-
162,"Zhoubný novotvar průdušnice, průdušek, plic, určený jako primární",495,-,-,-,-,-,1,1,-,-,1,2,5,10,12,31,52,67,80,102,71,43,17
163,"Zhoubný novotvar plic a průdušek, neurčený jako primární nebo sekundární",2,-,-,-,-,-,-,-,-,-,-,-,-,-,-,-,-,-,-,-,1,1,-
164,Zhoubný novotvar mezihrudí,15,-,-,-,-,-,-,-,-,-,2,-,1,1,2,1,1,4,-,-,-,2,1
165,Zhoubný novotvar hrudních orgánů,-,-,-,-,-,-,-,-,-,-,-,-,-,-,-,-,-,-,-,-,-,-,-
170,Zhoubný novotvar prsů,1 247,-,-,-,-,-,-,-,-,1,3,12,32,61,61,134,173,178,182,172,118,79,41
171,Zhoubný novotvar hrdla děložního,505,-,-,-,-,-,-,-,-,1,3,10,28,48,38,63,67,62,59,61,34,22,9
172,Zhoubný novotvar těla děložního,137,-,-,-,-,-,-,-,-,-,-,-,1,3,5,14,22,25,17,28,15,7,-
173,Zhoubný novotvar jiných částí dělohy a chorioepitheliom,10,-,-,-,-,-,-,-,-,3,-,-,-,1,-,-,1,1,1,2,1,-,-
174,Zhoubný novotvar neurčené části dělohy,353,-,1,-,-,-,-,-,-,-,1,4,9,18,14,26,47,49,55,57,43,19,10
175,"Zhoubný novotvar vaječníku, vejcovodu, širokého vazu",627,-,-,-,-,-,-,2,5,1,7,5,13,27,31,81,97,105,93,78,56,21,5
176,Zhoubný novotvar jiných nebo blíže neurčených ženských orgánů pohlavních,174,-,-,-,-,-,-,-,1,-,1,2,1,10,4,6,16,20,31,30,23,23,6
177,Zhoubný novotvar předstojné žlázy,x,x,x,x,x,x,x,x,x,x,x,x,x,x,x,x,x,x,x,x,x,x,x
178,Zhoubný novotvar varlat,x,x,x,x,x,x,x,x,x,x,x,x,x,x,x,x,x,x,x,x,x,x,x
179,Zhoubný novotvar jiných nebo blíže neurčených mužských pohlavních orgánů,x,x,x,x,x,x,x,x,x,x,x,x,x,x,x,x,x,x,x,x,x,x,x
180,Zhoubný novotvar ledvin,187,1,-,-,1,-,1,-,1,1,-,1,2,1,6,10,19,25,37,38,22,13,8
181,Zhoubný novotvar močového měchýře a ostatních močových orgánů,93,-,-,-,-,-,1,-,-,-,-,-,-,-,2,3,7,8,18,18,18,12,6
190,Zhoubný melanom kůže,44,-,-,-,-,-,-,-,-,-,1,2,3,5,1,5,2,5,8,2,4,2,4
191,Ostatní zhoubné novotvary kůže,95,-,-,-,-,-,-,-,-,-,-,1,1,2,2,4,2,3,8,10,15,19,28
192,Zhoubný novotvar oka,7,-,-,-,1,-,-,-,-,-,-,-,-,-,-,-,-,2,1,1,-,2,-
193,Zhoubný novotvar mozku a jiných částí ústrojí nervového,180,2,-,4,2,-,5,5,4,1,4,2,9,12,15,16,27,23,21,19,6,3,-
194,Zhoubný novotvar štítné žlázy,93,-,-,-,-,-,-,-,-,-,-,-,-,2,2,8,11,13,20,14,11,8,4
195,Zhoubný novotvar ostatních žláz s vnitřní sekrecí,11,-,-,-,1,-,-,-,1,-,-,-,1,1,-,2,-,1,3,1,-,-,-
196,Zhoubný novotvar kostí (i čelistí),76,-,-,-,-,-,1,3,5,-,2,2,1,3,-,5,2,13,11,9,8,5,6
197,Zhoubný novotvar pojiva,10,-,-,-,-,-,-,1,-,-,-,1,-,-,-,1,1,1,3,2,-,-,-
198,Zsekundární nebo blíže neurčené zhoubné novotvary mízních uzlin,2,-,-,-,-,-,-,-,-,-,-,-,-,-,-,-,-,1,-,1,-,-,-
199,Zhoubný novotvar jiného nebo blíže neurčeného umístění,316,-,-,-,-,-,2,-,2,1,1,1,3,10,3,15,24,49,45,50,57,38,15
200,Lymfosarkom a retikulosarkom,114,-,-,-,1,-,1,4,4,2,1,2,2,2,2,4,12,20,14,20,13,6,4
201,Hodgkinova nemoc,111,-,-,-,-,-,1,1,2,2,5,4,6,7,9,6,14,15,10,16,8,5,-
202,Jiné druhy lymfomů,16,-,-,-,-,-,-,1,-,-,-,-,-,-,-,-,4,1,-,5,5,-,-
203,Mnohočetný myelom,80,-,-,-,-,-,2,-,-,1,-,-,-,1,1,2,20,9,15,16,7,6,-
204,Leukaemie a aleukie,321,2,-,-,1,2,7,5,9,5,7,5,8,18,12,22,31,37,38,45,39,21,7
205,Mycosis fungoides,1,-,-,-,-,-,-,-,-,-,-,-,-,1,-,-,-,-,-,-,-,-,-
210,Nezhoubný novotvar dutiny ústní a hltanu,-,-,-,-,-,-,-,-,-,-,-,-,-,-,-,-,-,-,-,-,-,-,-
211,Nezhoubný novotvar ostatních částí trávicího ústrojí,14,-,-,-,-,-,-,-,-,-,-,-,-,-,1,1,-,1,2,2,4,1,2
212,Nezhoubný novotvar dýchacího ústrojí,1,-,-,-,-,-,-,-,-,-,-,-,-,-,-,-,-,-,-,-,1,-,-
213,Nezhoubný novotvar prsů,-,-,-,-,-,-,-,-,-,-,-,-,-,-,-,-,-,-,-,-,-,-,-
214,Fibromyom dělohy,5,-,-,-,-,-,-,-,-,-,-,-,1,3,1,-,-,-,-,-,-,-,-
215,Ostatní nezhoubné novotvary dělohy,2,-,-,-,-,-,-,-,-,-,-,-,-,-,1,-,-,-,-,-,1,-,-
216,Nezhoubný novotvar vaječníku,9,-,-,-,-,-,-,-,-,-,-,-,1,-,1,1,1,-,1,1,1,2,-
217,Nezhoubný novotvar ostatních ženských pohlavních orgánů,2,-,-,-,-,-,-,-,-,-,-,-,-,-,-,-,-,-,-,-,1,-,1
218,Nezhoubný novotvar mužských pohlavních orgánů,x,x,x,x,x,x,x,x,x,x,x,x,x,x,x,x,x,x,x,x,x,x,x
219,Nezhoubný novotvar ledvin a močových cest,2,-,-,-,-,-,-,-,-,-,-,-,-,-,-,-,1,-,1,-,-,-,-
220,Nezhoubný melanom kůže,-,-,-,-,-,-,-,-,-,-,-,-,-,-,-,-,-,-,-,-,-,-,-
221,Pilonidální cysta,-,-,-,-,-,-,-,-,-,-,-,-,-,-,-,-,-,-,-,-,-,-,-
222,Ostatní nezhoubné novotvary kůže,-,-,-,-,-,-,-,-,-,-,-,-,-,-,-,-,-,-,-,-,-,-,-
223,Nezhoubný novotvar mozku a jiných částí ústrojí nervového,38,-,-,-,-,-,-,-,-,-,-,4,2,3,1,5,7,6,2,3,2,2,1
224,Nezhoubný novotvar žláz s vnitřní sekrecí,13,-,-,-,-,-,-,-,1,-,-,-,-,-,-,1,-,2,4,1,3,1,-
225,Nezhoubný novotvar kostí a chrupek,1,-,-,-,-,-,-,-,-,-,-,-,-,-,-,-,-,-,-,-,1,-,-
226,Lipom,1,-,-,-,-,-,-,-,-,-,-,-,-,-,-,-,-,1,-,-,-,-,-
227,Jiné nezhoubné novotvary svalů a vaziva,2,-,-,-,-,-,-,-,-,-,-,-,1,-,1,-,-,-,-,-,-,-,-
228,Haemangiom,1,-,-,-,-,-,-,-,-,-,-,-,-,-,-,-,-,-,-,-,-,-,1
229,Nezhoubné novotvary ostatních nebo blíže neurčených orgánů a tkání,1,-,-,-,-,-,-,-,-,-,-,-,-,-,-,-,-,-,-,-,-,-,1
230,Novotvar neurčené povahy trávicího ústrojí,16,-,-,-,-,-,-,-,-,-,-,-,-,-,-,1,-,-,3,2,4,3,3
231,Novotvar neurčené povahy dýchacího ústrojí,2,-,-,-,-,-,-,-,-,-,-,-,-,-,-,-,-,-,1,-,1,-,-
232,Novotvar neurčené povahy prsů,2,-,-,-,-,-,-,-,-,-,-,-,-,-,-,-,-,1,-,-,-,-,1
233,Novotvar neurčené povahy dělohy,2,-,-,-,-,-,-,-,-,-,-,-,-,-,-,1,-,-,-,-,1,-,-
234,Novotvar neurčené povahy vaječníků,3,-,-,-,-,-,-,-,-,-,-,-,-,-,-,1,-,-,-,1,-,-,1
235,Novotvar neurčené povahy ostatních ženských pohlavních orgánů,1,-,-,-,-,-,-,-,-,-,-,-,-,-,-,-,-,-,1,-,-,-,-
236,Novotvar neurčené povahy jiných pohlavních a močových orgánů,2,-,-,-,-,-,-,-,-,-,-,-,-,-,-,-,-,-,-,1,1,-,-
237,Novotvar neurčené povahy mozku a jiných částí ústrojí nervového,41,-,1,1,-,-,2,-,2,1,1,-,2,4,-,5,9,6,4,3,-,-,-
238,"Novotvar neurčené povahy kůže,soustavy svalové a kosterní",-,-,-,-,-,-,-,-,-,-,-,-,-,-,-,-,-,-,-,-,-,-,-
239,Novotvar neurčené povahy ostatních nebo blíže neurčených orgánů,13,-,-,-,-,-,-,-,-,-,-,-,-,-,-,-,-,-,1,3,4,5,-
,,,,,,,,,,,,,,,,,,,,,,,,
III,"Nemoci allergické, žláz s vnitřní sekrecí, výměny látkové a výživy",1 804,11,2,-,-,-,-,1,3,4,8,3,9,12,14,54,131,233,366,421,314,151,67
240,Senná rýma,-,-,-,-,-,-,-,-,-,-,-,-,-,-,-,-,-,-,-,-,-,-,-
241,Astma,76,-,-,-,-,-,-,-,-,-,2,1,1,-,-,6,10,7,8,9,14,9,9
242,Angioneurotický oedem,1,-,-,-,-,-,-,-,-,-,-,-,-,-,-,-,-,-,-,1,-,-,-
243,Kopřivka,-,-,-,-,-,-,-,-,-,-,-,-,-,-,-,-,-,-,-,-,-,-,-
244,Allergický ekzém,-,-,-,-,-,-,-,-,-,-,-,-,-,-,-,-,-,-,-,-,-,-,-
245,Ostatní allergické poruchy,-,-,-,-,-,-,-,-,-,-,-,-,-,-,-,-,-,-,-,-,-,-,-
250,Vole prosté,8,-,-,-,-,-,-,-,-,-,-,-,-,-,-,1,-,1,1,-,3,1,1
251,Vole uzlovité netoxické,14,-,-,-,-,-,-,-,-,-,-,-,-,-,1,-,-,1,3,2,2,1,4
252,Thyreotoxikosa s voletem nebo bez něho,87,-,-,-,-,-,-,-,-,1,-,-,-,1,2,4,7,14,14,21,16,5,2
253,Myxoedema a kretenismus,3,-,-,-,-,-,-,-,-,-,-,-,-,-,-,-,-,1,-,1,1,-,-
254,Ostatní nemoci štítné žlázy,10,-,1,-,-,-,-,-,-,-,-,-,-,1,-,1,-,1,3,2,1,-,-
260,Úplavice cukrová,1 559,1,-,-,-,-,-,-,1,2,4,1,5,9,9,38,110,204,335,379,277,135,49
270,Poruchy vnitřní sekrece slinivky břišní-jiné než úplavice cukrová,1,1,-,-,-,-,-,-,-,-,-,-,-,-,-,-,-,-,-,-,-,-,-
271,Nemoci příštítných tělísek,1,-,-,-,-,-,-,-,-,-,-,-,-,-,-,-,1,-,-,-,-,-,-
272,Nemoci hypofysy,6,-,-,-,-,-,-,-,-,-,1,-,-,-,-,2,-,2,1,-,-,-,-
273,Nemoci brzlíku,9,4,1,-,-,-,-,-,1,1,1,-,1,-,-,-,-,-,-,-,-,-,-
274,Nemoci nadledvinek,14,4,-,-,-,-,-,1,-,-,-,1,2,-,-,-,1,1,1,2,-,-,1
275,Poruchy činnosti vaječníků,-,-,-,-,-,-,-,-,-,-,-,-,-,-,-,-,-,-,-,-,-,-,-
276,Poruchy činnosti varlat,-,-,-,-,-,-,-,-,-,-,-,-,-,-,-,-,-,-,-,-,-,-,-
277,Poruchy činnosti několika žláz s vnitřní sekrecí a ostatní nemoci žláz s vnitřní sekrecí,2,-,-,-,-,-,-,-,-,-,-,-,-,-,-,1,1,-,-,-,-,-,-
280,Beri-Beri,1,-,-,-,-,-,-,-,-,-,-,-,-,-,-,-,-,1,-,-,-,-,-
281,Pellagra,-,-,-,-,-,-,-,-,-,-,-,-,-,-,-,-,-,-,-,-,-,-,-
282,Kurděje,-,-,-,-,-,-,-,-,-,-,-,-,-,-,-,-,-,-,-,-,-,-,-
283,Aktivní křivice,2,1,-,-,-,-,-,-,-,-,-,-,-,-,-,1,-,-,-,-,-,-,-
284,Pozdní následky křivice,-,-,-,-,-,-,-,-,-,-,-,-,-,-,-,-,-,-,-,-,-,-,-
285,Měknutí kostí,-,-,-,-,-,-,-,-,-,-,-,-,-,-,-,-,-,-,-,-,-,-,-
286,Jiné avitaminosy a stavy z nedostatku výživy,1,-,-,-,-,-,-,-,-,-,-,-,-,-,-,-,-,-,-,-,-,-,1
287,"Otylost, není-li vnitřně sekretorického původu",-,-,-,-,-,-,-,-,-,-,-,-,-,-,-,-,-,-,-,-,-,-,-
288,Dna,-,-,-,-,-,-,-,-,-,-,-,-,-,-,-,-,-,-,-,-,-,-,-
289,Ostatní nemoci výměny látkové,9,-,-,-,-,-,-,-,1,-,-,-,-,1,2,-,1,-,-,4,-,-,-
,,,,,,,,,,,,,,,,,,,,,,,,
IV,Nemoci krve a krvotvorné tkáně,131,2,-,-,-,1,-,-,2,-,-,2,3,1,3,3,8,11,15,21,26,18,15
290,Zhoubná chudokrevnost a ostatní hyperchromní anemie,48,-,-,-,-,-,-,-,-,-,-,-,-,-,-,1,3,2,3,5,8,16,10
291,Chudokrevnost z nedostatku železa,4,-,-,-,-,-,-,-,-,-,-,-,-,-,-,-,-,1,-,-,2,1,-
292,Jiné chudokrevnosti určitého typu,20,-,-,-,-,-,-,-,1,-,-,-,1,1,1,-,-,3,4,5,4,-,-
293,Chudokrevnost blíže neurčeného typu,23,-,-,-,-,-,-,-,-,-,-,1,-,-,1,-,2,-,2,4,8,1,4
294,Polycythaemia,11,-,-,-,-,-,-,-,1,-,-,-,1,-,1,1,2,2,-,3,-,-,-
295,Krvácivost,-,-,-,-,-,-,-,-,-,-,-,-,-,-,-,-,-,-,-,-,-,-,-
296,Purpura a jiné haemorrhagické diathesy,7,1,-,-,-,-,-,-,-,-,-,1,-,-,-,1,-,-,4,-,-,-,-
297,Agranulocytosis,9,1,-,-,-,-,-,-,-,-,-,-,1,-,-,-,1,2,2,-,2,-,-
298,Nemoci sleziny,2,-,-,-,-,-,-,-,-,-,-,-,-,-,-,-,-,-,-,-,1,-,1
299,Ostastní nemoci krve a krvotvorné tkáně,7,-,-,-,-,1,-,-,-,-,-,-,-,-,-,-,-,1,-,4,1,-,-
,,,,,,,,,,,,,,,,,,,,,,,,
 V,"Poruchy duševní, psychoneurózy a poruchy osobnosti",92,1,-,1,-,-,-,-,1,-,-,-,1,1,-,1,2,6,15,14,14,16,19
300,Schizofrenie,2,-,-,-,-,-,-,-,-,-,-,-,-,-,-,-,-,-,1,-,1,-,-
301,Maniodepresivita,-,-,-,-,-,-,-,-,-,-,-,-,-,-,-,-,-,-,-,-,-,-,-
302,Involuční melancholie,3,-,-,-,-,-,-,-,-,-,-,-,-,-,-,-,-,3,-,-,-,-,-
303,Paranoické a paranoidní stavy,2,-,-,-,-,-,-,-,-,-,-,-,-,-,-,-,-,-,-,-,1,1,-
304,Senilní psychosy,54,-,-,-,-,-,-,-,-,-,-,-,-,-,-,-,-,1,9,7,10,12,15
305,Presenilní psychosy,1,-,-,-,-,-,-,-,-,-,-,-,-,-,-,-,1,-,-,-,-,-,-
306,Psychosy při arteriosklerose mozkové,16,-,-,-,-,-,-,-,-,-,-,-,-,-,-,-,-,2,3,4,1,2,4
307,Alkoholické psychosy,-,-,-,-,-,-,-,-,-,-,-,-,-,-,-,-,-,-,-,-,-,-,-
308,Jiné psychosy určitého původu,-,-,-,-,-,-,-,-,-,-,-,-,-,-,-,-,-,-,-,-,-,-,-
309,Jiné a blíže neurčené psychosy,1,-,-,-,-,-,-,-,-,-,-,-,-,-,-,-,1,-,-,-,-,-,-
310,Úzkostné reakce bez zmínky o tělesných příznacích,-,-,-,-,-,-,-,-,-,-,-,-,-,-,-,-,-,-,-,-,-,-,-
311,Hysterické reakce bez zmínky o úzkostných reakcích,-,-,-,-,-,-,-,-,-,-,-,-,-,-,-,-,-,-,-,-,-,-,-
312,Fobie,-,-,-,-,-,-,-,-,-,-,-,-,-,-,-,-,-,-,-,-,-,-,-
313,Obsedantní a impulsivní stavy,-,-,-,-,-,-,-,-,-,-,-,-,-,-,-,-,-,-,-,-,-,-,-
314,Neurotické a depresivní reakce,-,-,-,-,-,-,-,-,-,-,-,-,-,-,-,-,-,-,-,-,-,-,-
315,Psychoneurosy s tělesnými příznaky od cirkulačního systému,-,-,-,-,-,-,-,-,-,-,-,-,-,-,-,-,-,-,-,-,-,-,-
316,Psychoneurosy s tělesnými příznaky od trávicího ústrojí,-,-,-,-,-,-,-,-,-,-,-,-,-,-,-,-,-,-,-,-,-,-,-
317,Psychoneurosy s tělesnými příznaky od jiných systémů,-,-,-,-,-,-,-,-,-,-,-,-,-,-,-,-,-,-,-,-,-,-,-
318,"Jiné psychoneurotické poruchy,smíšené nebo blíže neurčené",1,-,-,-,-,-,-,-,1,-,-,-,-,-,-,-,-,-,-,-,-,-,-
320,Psychopathická osobnost,2,-,-,-,-,-,-,-,-,-,-,-,-,-,-,1,-,-,-,-,1,-,-
321,Primitivní osobnost,-,-,-,-,-,-,-,-,-,-,-,-,-,-,-,-,-,-,-,-,-,-,-
322,Alkoholismus,1,-,-,-,-,-,-,-,-,-,-,-,-,-,-,-,-,-,1,-,-,-,-
323,Ostatní narkomanie a toxikomanie,1,-,-,-,-,-,-,-,-,-,-,-,-,1,-,-,-,-,-,-,-,-,-
324,Úchylné chování v dětství,1,-,-,-,-,-,-,-,-,-,-,-,-,-,-,-,-,-,-,1,-,-,-
325,Slabomyslnost,7,1,-,1,-,-,-,-,-,-,-,-,1,-,-,-,-,-,1,2,-,1,-
326,"Jiné nebo blíže neurčené poruchy charakteru, chování a inteligence",-,-,-,-,-,-,-,-,-,-,-,-,-,-,-,-,-,-,-,-,-,-,-
,,,,,,,,,,,,,,,,,,,,,,,,
VI,Nemoci ústrojí nervového a čidel,7 757,41,14,7,7,1,9,22,24,11,10,12,37,43,46,112,272,508,892,1 375,1 701,1 485,1 128
330,Subarachnoidální krvácení,30,-,-,-,-,-,-,-,-,-,-,-,2,2,-,6,1,2,2,5,6,3,1
331,Mozkové krvácení,4 188,-,-,-,-,-,1,2,2,-,1,3,4,17,16,53,156,296,504,760,952,816,605
332,Mozkový vmetek a záhať,1 343,-,-,-,1,-,-,-,1,-,-,-,2,1,5,11,33,87,172,253,316,281,180
333,Spasmy mozkových tepen,-,-,-,-,-,-,-,-,-,-,-,-,-,-,-,-,-,-,-,-,-,-,-
334,Jiné a špatně určitelné cevní poruchy centrálního nervstva,1 738,4,1,2,1,-,-,-,-,-,1,1,3,1,5,10,38,68,181,313,404,373,332
340,Zánět mozkomíšních plen,38,7,1,-,-,-,-,3,-,-,-,-,-,-,-,1,2,3,4,11,5,-,1
341,Phlebitis a thrombophlebitis nitrolebních splavů žilních,1,-,-,-,-,-,-,-,-,-,-,-,-,-,-,1,-,-,-,-,-,-,-
342,Nitrolební a nitropáteřní hlízy,6,-,1,-,1,-,-,-,-,-,-,-,1,-,-,-,1,1,-,1,-,-,-
343,"Zánět mozku, míchy a zánět mozkomíšní",29,2,2,1,-,-,-,5,5,1,-,-,-,1,-,2,4,2,2,2,-,-,-
344,Pozdní následky nitrolebních hlíz nebo hnisavých onemocnění,9,3,-,-,-,1,-,1,1,-,-,-,2,1,-,-,-,-,-,-,-,-,-
345,Mnohočetná sklerosa,123,-,-,-,-,-,-,-,-,4,1,6,13,13,11,14,15,25,6,6,4,2,3
350,Paralysis agitans,31,-,-,-,-,-,-,-,-,-,-,-,-,-,2,3,3,5,5,8,3,1,1
351,Mozková spastická dětská obrna,45,6,6,1,3,-,6,5,5,4,3,-,-,-,-,3,1,1,-,-,-,-,1
352,Jiné mozkové obrny,10,-,-,-,-,-,-,-,-,-,-,-,-,-,-,-,2,2,1,2,1,2,-
353,Padoucnice,68,-,-,-,-,-,2,4,7,2,3,2,7,2,3,4,9,6,5,5,4,1,2
354,Migréna,-,-,-,-,-,-,-,-,-,-,-,-,-,-,-,-,-,-,-,-,-,-,-
355,Jiné nemoci mozku,26,1,-,3,1,-,-,2,3,-,-,-,-,3,2,1,2,3,2,1,1,1,-
356,Nemoci periferního neuronu a svalové atrofie,26,-,1,-,-,-,-,-,-,-,-,-,2,2,-,1,5,4,2,3,3,2,1
357,Ostatní nemoci míchy,19,-,-,-,-,-,-,-,-,-,1,-,-,-,2,2,-,3,3,4,2,2,-
360,Obrna nervu lícního,-,-,-,-,-,-,-,-,-,-,-,-,-,-,-,-,-,-,-,-,-,-,-
361,Neuralgie nervu trojklanného,1,-,-,-,-,-,-,-,-,-,-,-,-,-,-,-,-,-,1,-,-,-,-
362,Neuritis pleteně pažní,1,-,-,-,-,-,-,-,-,-,-,-,-,-,-,-,-,-,-,-,-,-,1
363,Ischias,-,-,-,-,-,-,-,-,-,-,-,-,-,-,-,-,-,-,-,-,-,-,-
364,Polyneuritis a polyradiculitis,2,-,-,-,-,-,-,-,-,-,-,-,1,-,-,-,-,-,1,-,-,-,-
365,Erythrooedema polyneuriticum,-,-,-,-,-,-,-,-,-,-,-,-,-,-,-,-,-,-,-,-,-,-,-
366,Jiné a blíže neurčené druhy neuralgií a neuritid,-,-,-,-,-,-,-,-,-,-,-,-,-,-,-,-,-,-,-,-,-,-,-
367,Jiné nemoci mozkových nervů,-,-,-,-,-,-,-,-,-,-,-,-,-,-,-,-,-,-,-,-,-,-,-
368,Jiné nemoci periferních nervů vyjma nervy vegetativní,-,-,-,-,-,-,-,-,-,-,-,-,-,-,-,-,-,-,-,-,-,-,-
369,Nemoci periferní soustavy vegetativního nervstva,1,-,-,-,-,-,-,-,-,-,-,-,-,-,-,-,-,-,-,1,-,-,-
390,Zánět vnějšího ucha,-,-,-,-,-,-,-,-,-,-,-,-,-,-,-,-,-,-,-,-,-,-,-
391,Zánět středního ucha bez zánětu výčnělku soscovitého,20,16,2,-,-,-,-,-,-,-,-,-,-,-,-,-,-,-,1,-,-,1,-
392,Záně středního ucha a zánět výčnělku soscovitého,2,2,-,-,-,-,-,-,-,-,-,-,-,-,-,-,-,-,-,-,-,-,-
393,Zánět výčnělku soscovitého bez zánětu středního ucha,-,-,-,-,-,-,-,-,-,-,-,-,-,-,-,-,-,-,-,-,-,-,-
394,Jiná zánětlivá onemocnění ucha,-,-,-,-,-,-,-,-,-,-,-,-,-,-,-,-,-,-,-,-,-,-,-
395,Nemoc Méniérova,-,-,-,-,-,-,-,-,-,-,-,-,-,-,-,-,-,-,-,-,-,-,-
396,Jiné nemoci ucha a výčnělku soscovitého,-,-,-,-,-,-,-,-,-,-,-,-,-,-,-,-,-,-,-,-,-,-,-
,,,,,,,,,,,,,,,,,,,,,,,,
VII,Nemoci ústrojí cevního,17 741,5,2,1,-,-,2,5,6,19,30,29,69,137,164,398,730,1 275,2 080,2 863,3 522,3 436,2 968
400,Prudké reumatické onemocnění bez postižení srdce,2,-,-,-,-,-,-,1,-,-,-,-,-,-,-,-,-,-,-,-,-,-,1
401,Prudké reumatické onemocnění s postižením srdce,25,-,-,-,-,-,-,-,-,2,-,-,1,2,3,3,2,1,5,1,2,-,3
402,Chorea,-,-,-,-,-,-,-,-,-,-,-,-,-,-,-,-,-,-,-,-,-,-,-
410,Onemocnění chlopně dvojcípé,861,-,-,-,-,-,-,-,2,10,9,13,26,43,40,76,107,130,145,110,86,44,20
411,Onemocnění chlopně aortální určené jako reumatické,35,-,-,-,-,-,-,-,-,-,-,1,3,-,-,2,5,9,5,3,6,-,1
412,Onemocnění chlopně trojcípé,-,-,-,-,-,-,-,-,-,-,-,-,-,-,-,-,-,-,-,-,-,-,-
413,Onemocnění chlopně pulmonální určené jako reumatické,14,-,-,-,-,-,-,-,-,-,-,-,-,-,-,3,1,2,2,2,3,-,1
414,Jiné záněty nitroblány srdeční určené jako reumatické,55,-,-,-,-,-,-,-,-,-,2,1,-,-,-,2,8,6,11,12,5,3,5
415,Jiné záněty svalu srdečního určené jako reumatické,2,-,-,-,-,-,-,-,-,-,-,-,-,-,-,-,-,-,-,-,1,1,-
416,Jiné onemocnění srdce určené jako reumatické,110,-,-,-,-,-,-,1,1,-,1,2,6,6,2,14,9,14,19,13,13,4,5
420,Arteriosklerotické onemocnění srdce a onemocnění tepen věnčitých,7 220,-,-,1,-,-,-,-,-,-,5,4,11,24,35,114,274,585,1 010,1 384,1 528,1 293,952
421,Vleklé onemocnění nitroblány srdeční neoznačen,109,-,-,-,-,-,-,-,-,1,3,-,3,3,2,8,10,10,17,22,16,11,3
422,Jiné degenerativní procesy svalu srdečního,2 253,-,-,-,-,-,-,-,1,1,2,-,3,8,7,15,25,56,157,305,526,593,554
430,Prudký a subakutní zánět nitroblány srdeční,21,1,-,-,-,-,-,-,-,-,-,-,-,2,1,1,-,-,5,7,3,1,-
431,Akutní zánět svalu srdečního neoznačený jako reumatický,16,3,2,-,-,-,2,-,-,1,-,-,-,2,1,-,1,-,1,1,1,-,1
432,Prudké onemocnění osrdečníku označené jako nereumatické,12,-,-,-,-,-,-,-,-,-,-,1,-,1,-,-,-,-,2,2,4,2,-
433,Poruchy srdeční činnosti,52,-,-,-,-,-,-,-,-,1,-,-,-,-,-,1,2,4,9,5,13,10,7
434,Jiné nebo blíže neurčené onemocnění srdce,1 191,1,-,-,-,-,-,1,-,2,3,2,2,10,11,23,53,92,120,178,235,270,188
440,Esenciální nezhoubná hypertense s onemocněním srdce,18,-,-,-,-,-,-,-,-,-,-,-,-,2,-,2,-,-,5,2,3,2,2
441,Esenciální zhoubná hypertense s onemocněním srdce,6,-,-,-,-,-,-,-,-,-,-,-,-,1,1,-,-,1,1,1,1,-,-
442,Hypertense s onemocněním srdce a arteriolární nefrosklerosou,87,-,-,-,-,-,-,-,-,-,-,-,1,1,1,4,9,9,12,21,14,13,2
443,Jiné nebo blíže neurčené hypertense s onemocněním srdce,946,-,-,-,-,-,-,-,-,-,-,1,3,2,11,32,44,95,162,203,205,129,59
444,Esenciální nezhoubná hypertense bez postižení srdce,18,-,-,-,-,-,-,-,-,-,-,-,-,1,-,2,4,3,2,4,2,-,-
445,Esenciální zhoubná hypertense bez postižení srdce,7,-,-,-,-,-,-,-,-,-,-,1,-,-,-,1,1,-,1,2,-,1,-
446,Hypertense s arteriolární nefrosklerosou bez postižení srdce,113,-,-,-,-,-,-,2,-,-,-,-,2,2,3,4,10,16,16,22,15,14,7
447,Jiné hypertense bez postižení srdce,856,-,-,-,-,-,-,-,-,-,1,-,3,4,17,50,87,119,139,161,132,88,55
450,Celkové kornatění tepen,2 821,-,-,-,-,-,-,-,-,-,-,-,-,-,1,2,16,44,112,265,555,814,1 012
451,Výduť aorty označená jako nesyfilitická,66,-,-,-,-,-,-,-,-,-,-,-,-,-,5,4,6,9,12,7,10,9,4
452,Jiné výdutě vyjma výdutě srdce a aorty,79,-,-,-,-,-,-,-,1,-,-,1,2,10,9,8,9,6,7,13,6,6,1
453,Onemocnění periferních cév,12,-,-,-,-,-,-,-,-,-,-,-,-,-,-,-,-,1,1,1,2,3,4
454,Arteriální vmetky a záhatě,45,-,-,-,-,-,-,-,-,1,-,-,1,1,-,4,4,1,3,8,10,9,3
455,Sněti s neoznačenou příčinou,179,-,-,-,-,-,-,-,-,-,-,-,-,1,-,2,5,7,16,29,25,56,38
456,Jiné nemoci tepen,3,-,-,-,-,-,-,-,-,-,-,-,1,-,-,-,-,1,-,-,-,1,-
460,Žilní městky na dolních končetinách,75,-,-,-,-,-,-,-,-,-,-,-,-,3,1,4,7,4,9,8,21,6,12
461,Žilní městky konečníku,2,-,-,-,-,-,-,-,-,-,-,-,-,-,-,-,-,1,-,-,-,1,-
462,Městky na jiných určitých místech,4,-,-,-,-,-,-,-,-,-,-,-,-,-,-,-,-,-,2,1,1,-,-
463,Phlebitis a trombophlebitis dolních končetin,302,-,-,-,-,-,-,-,-,-,4,1,1,5,8,12,21,35,51,48,60,38,18
464,Zánět žil jiných míst,4,-,-,-,-,-,-,-,-,-,-,-,-,-,2,-,-,-,-,1,-,-,1
465,Plicní vmetek,93,-,-,-,-,-,-,-,1,-,-,1,-,2,1,4,8,10,16,18,16,9,7
466,Jiné žilní  vmetky a záhatě,23,-,-,-,-,-,-,-,-,-,-,-,-,1,2,1,2,3,5,3,1,4,1
467,Jiné nemoci soustavy oběhu krevního,2,-,-,-,-,-,-,-,-,-,-,-,-,-,-,-,-,-,-,-,1,1,-
468,Některé nemoci uzlin a cest mízních,2,-,-,-,-,-,-,-,-,-,-,-,-,-,-,-,-,1,-,-,-,-,1
,,,,,,,,,,,,,,,,,,,,,,,,
VIII,Nemoci ústrojí dýchacího,3 446,97,14,4,5,2,4,6,7,9,2,7,12,23,27,62,92,171,345,497,704,737,619
470,Prudký zánět nosohltanu,10,9,-,-,1,-,-,-,-,-,-,-,-,-,-,-,-,-,-,-,-,-,-
471,Prudký zanět vedlejších dutin nosních,1,-,-,-,-,-,-,-,-,-,-,-,-,-,-,-,-,-,-,-,-,-,1
472,Prudký zánět hltanu,1,-,1,-,-,-,-,-,-,-,-,-,-,-,-,-,-,-,-,-,-,-,-
473,Prudký zánět mandlí,3,-,-,-,-,-,-,-,-,-,-,-,-,-,1,1,-,-,1,-,-,-,-
474,Prudký zánět hrtanu a průdušnice,9,1,3,1,1,-,-,-,-,-,-,-,-,-,-,-,1,-,1,-,-,-,1
475,Prudký zánět horních cest dýchacích na několika nebo blíže neurčených místech,6,3,-,-,-,-,-,-,-,-,-,-,-,-,-,-,-,-,-,1,-,1,1
480,Chřipkový zánět plic,159,3,1,-,-,-,-,1,2,-,-,1,2,1,2,-,2,4,9,20,41,34,36
481,Chřipka plicní nebo blíže neurčená,107,2,1,-,-,-,-,-,-,1,-,-,-,1,1,-,1,2,9,15,22,28,24
482,Chřipka střevní,-,-,-,-,-,-,-,-,-,-,-,-,-,-,-,-,-,-,-,-,-,-,-
483,Chřipka nervová,-,-,-,-,-,-,-,-,-,-,-,-,-,-,-,-,-,-,-,-,-,-,-
490,Lalokový zánět plic,114,1,-,-,-,-,-,-,-,-,-,-,-,-,-,3,3,9,13,21,22,24,18
491,Lalůčkový zánět plic,1 196,58,6,2,1,2,2,5,4,4,1,2,5,10,8,17,20,40,91,149,220,290,259
492,Prvotní netypický zánět plic,13,10,1,-,-,-,-,-,-,-,-,-,-,-,1,-,-,-,-,1,-,-,-
493,Jiný nebo blíže neurčený zánět plic,55,1,-,-,-,-,1,-,-,-,-,-,-,-,-,-,-,3,3,6,10,15,16
500,Prudký zánět průdušek,40,6,-,1,1,-,-,-,-,1,-,-,1,1,-,2,1,3,3,4,5,6,5
501,Zánět průdušek blíže neurčený,11,3,-,-,-,-,-,-,-,-,-,-,-,-,-,-,-,1,2,1,3,1,-
502,Vleklý zánět průdušek,1 130,-,1,-,1,-,-,-,1,-,-,1,-,8,5,26,45,71,149,192,256,224,150
510,Zbytnění mandlí a tkáně adenoidní,-,-,-,-,-,-,-,-,-,-,-,-,-,-,-,-,-,-,-,-,-,-,-
511,Peritonsilární hlíza,-,-,-,-,-,-,-,-,-,-,-,-,-,-,-,-,-,-,-,-,-,-,-
512,Vleklý zánět hltanu a nosohltanu,-,-,-,-,-,-,-,-,-,-,-,-,-,-,-,-,-,-,-,-,-,-,-
515,Nosní polypy,-,-,-,-,-,-,-,-,-,-,-,-,-,-,-,-,-,-,-,-,-,-,-
516,Vleklý zánět hrtanu,-,-,-,-,-,-,-,-,-,-,-,-,-,-,-,-,-,-,-,-,-,-,-
517,Jiná onemocnění horních cest dýchacích,3,-,-,-,-,-,1,-,-,1,-,-,-,-,-,-,-,1,-,-,-,-,-
518,Empyem hrudníku,8,-,-,-,-,-,-,-,-,-,-,-,-,-,1,-,1,1,-,4,-,-,1
519,Zánět pohrudnice,46,-,-,-,-,-,-,-,-,-,-,2,-,1,-,1,1,2,4,15,7,7,6
520,Spontánní pneumothorax,2,-,-,-,-,-,-,-,-,-,-,-,-,-,-,-,-,-,-,-,2,-,-
521,Plicní sněť,10,-,-,-,-,-,-,-,-,-,-,-,-,-,-,2,1,1,-,3,1,1,1
522,Plicní překrvení a městnání krve v plicích,90,-,-,-,-,-,-,-,-,-,1,-,-,1,1,-,2,2,6,12,19,20,26
523,Zaprášení plic kyselinou křemičitou a křemičitaný,-,-,-,-,-,-,-,-,-,-,-,-,-,-,-,-,-,-,-,-,-,-,-
524,Jiná zaprášení a fibrosy plic,1,-,-,-,-,-,-,-,-,-,-,-,-,-,-,-,-,-,-,-,1,-,-
525,Jiné vleklé vmezeřené záněty plic,28,-,-,-,-,-,-,-,-,1,-,1,1,-,3,2,2,6,5,4,2,1,-
526,Rozšíření průdušek,25,-,-,-,-,-,-,-,-,1,-,-,-,-,1,1,4,2,4,3,5,1,3
527,Jiná onemocnění plic a hrudní dutiny,378,-,-,-,-,-,-,-,-,-,-,-,3,-,3,7,8,23,45,46,88,84,71
,,,,,,,,,,,,,,,,,,,,,,,,
IX,Nemoci ústrojí trávicího,2 110,44,6,3,-,2,3,4,-,5,6,11,18,42,39,98,174,225,309,406,337,244,134
530,Zubní kazy,-,-,-,-,-,-,-,-,-,-,-,-,-,-,-,-,-,-,-,-,-,-,-
531,Hlíza podpůrné tkáně zubu,-,-,-,-,-,-,-,-,-,-,-,-,-,-,-,-,-,-,-,-,-,-,-
532,Jiná zánětlivá onemocnění podpůrné tkánězubů,-,-,-,-,-,-,-,-,-,-,-,-,-,-,-,-,-,-,-,-,-,-,-
533,"Poruchy skusu,růstu a vývoje zubů",-,-,-,-,-,-,-,-,-,-,-,-,-,-,-,-,-,-,-,-,-,-,-
534,Bolesti zubů z příčiny blíže neurčené,-,-,-,-,-,-,-,-,-,-,-,-,-,-,-,-,-,-,-,-,-,-,-
535,Jiné nemoci zubů a podpůrné tkáně zubů,-,-,-,-,-,-,-,-,-,-,-,-,-,-,-,-,-,-,-,-,-,-,-
536,Zánět sliznice dutiny ústní,1,-,-,-,-,-,-,-,-,-,-,-,-,-,-,-,-,-,-,-,1,-,-
537,Nemoci slinných žláz,7,-,-,-,-,-,-,-,-,1,-,-,-,-,-,-,-,-,-,2,3,1,-
538,Jiné nemoci dutiny ústní,-,-,-,-,-,-,-,-,-,-,-,-,-,-,-,-,-,-,-,-,-,-,-
539,Nemoci jícnu,5,-,-,-,-,-,-,-,-,-,-,-,-,-,1,-,1,-,-,2,1,-,-
540,Žaludeční vřed,136,-,-,-,-,-,-,-,-,-,-,-,2,2,1,4,8,12,25,23,25,25,9
541,Dvanácterníkový vřed,62,-,-,-,-,-,-,-,-,-,-,1,2,2,4,6,8,4,9,7,10,5,4
542,Gastrojejunální vřed,-,-,-,-,-,-,-,-,-,-,-,-,-,-,-,-,-,-,-,-,-,-,-
543,Zánět žaludku a dvanácterníku,15,-,-,-,-,-,-,-,-,-,-,-,-,1,-,1,2,-,2,3,3,2,1
544,Poruchy činnosti žaludeční,5,-,-,-,-,-,-,-,-,-,-,-,-,1,-,-,-,-,-,1,1,1,1
545,Jiné nemoci žaludku a dvanácterníku,10,-,-,-,-,-,-,-,-,-,-,-,-,-,-,-,1,1,1,1,3,2,1
550,Prudký zánět červu,59,1,-,-,-,1,-,1,-,1,2,1,2,3,1,2,8,3,8,12,4,4,5
551,Zánět červu blíže neurčený,2,-,-,-,-,-,-,-,-,-,-,-,-,1,-,-,-,-,1,-,-,-,-
552,Jiné záněty červu,3,-,-,-,-,-,-,-,-,-,-,-,-,-,-,-,-,-,1,2,-,-,-
553,Jiné nemoci červu,2,-,-,-,-,-,-,-,-,-,-,-,-,-,-,-,-,-,-,2,-,-,-
560,Kýla (bez bližšího označení),85,4,-,-,-,-,-,-,-,-,-,-,-,3,1,2,8,10,14,16,10,8,9
561,Kýla neprůchodná,103,1,-,-,-,-,-,-,-,-,-,-,-,2,-,2,7,13,17,16,21,16,8
570,Neprůchodnost střev bez zmínky o  kýle,271,-,-,-,-,1,-,-,-,-,-,-,1,4,7,6,8,29,30,54,56,48,27
571,Zánět žaludkostřevní a tlustého střeva,140,30,3,1,-,-,2,2,-,-,-,-,1,2,1,5,6,6,11,24,17,17,12
572,Vleklý zánět tenkého střeva a vředovitý zánět tlustého střeva,41,3,-,1,-,-,-,-,-,-,1,-,-,-,-,1,3,2,9,11,5,4,1
573,Poruchy činnosti střev,3,-,-,-,-,-,-,-,-,-,-,-,-,-,1,-,1,-,-,1,-,-,-
574,Řitní trhliny,-,-,-,-,-,-,-,-,-,-,-,-,-,-,-,-,-,-,-,-,-,-,-
575,Hlíza krajiny řitní a konečníkové,-,-,-,-,-,-,-,-,-,-,-,-,-,-,-,-,-,-,-,-,-,-,-
576,Zánět pobřišnice,36,-,-,-,-,-,-,1,-,-,1,1,-,1,1,1,1,5,4,3,10,4,3
577,Pobřišnicové srůsty,-,-,-,-,-,-,-,-,-,-,-,-,-,-,-,-,-,-,-,-,-,-,-
578,Jiné nemoci střev a pobřišnice,29,1,-,-,-,-,-,-,-,-,-,-,1,-,-,-,1,3,2,7,7,3,4
580,Prudká a subakutní atrofie jater,22,-,-,-,-,-,-,-,-,-,-,1,-,-,1,4,1,3,2,4,4,1,1
581,Jaterní cirrhosa,454,-,1,-,-,-,-,-,-,3,-,4,3,12,10,30,55,59,78,95,60,33,11
582,Hnisavý zánět jater a jaterní hlíza,3,-,-,-,-,-,-,-,-,-,-,-,-,-,-,-,2,-,-,-,1,-,-
583,Jiné nemoci jater,21,-,-,-,-,-,-,-,-,-,1,-,-,-,-,3,3,4,6,2,1,1,-
584,Žlučové kaménky,307,-,-,-,-,-,-,-,-,-,1,1,4,5,3,19,23,33,46,84,41,35,12
585,Zánět žlučníku bez zmínky o kaméncích,136,-,-,-,-,-,-,-,-,-,-,-,1,-,1,3,4,17,19,20,32,20,19
586,Jiné nemoci žlučníku a žlučových cest,22,-,-,-,-,-,-,-,-,-,-,1,-,-,1,1,2,-,-,4,6,6,1
587,Nemoci slinivky břišní,130,4,2,1,-,-,1,-,-,-,-,1,1,3,5,8,21,21,24,10,15,8,5
,,,,,,,,,,,,,,,,,,,,,,,,
X,Nemoci ústrojí močového a pohlavního,1 025,2,1,1,-,-,3,3,8,10,9,13,17,28,33,61,95,133,165,162,156,90,35
590,Prudký zánět ledvin,7,-,-,-,-,-,-,-,-,1,-,1,-,-,-,-,2,-,-,1,1,1,-
591,Zánět ledvin s otoky,14,-,-,-,-,-,-,1,-,1,-,-,-,-,-,2,2,3,-,5,-,-,-
592,Vleklý zánět ledvin,236,-,-,1,-,-,2,2,6,6,3,6,5,7,9,14,26,31,38,35,27,13,5
593,"Zánět ledvin, neurčený jako prudký nebo vleklý",7,-,-,-,-,-,-,-,-,-,-,-,-,1,-,-,1,-,-,1,3,-,1
594,Jiné ledvinové sklerosy,63,-,-,-,-,-,-,-,-,-,-,-,1,4,1,2,4,8,8,12,16,6,1
600,Infekce ledvin,493,2,1,-,-,-,1,-,-,2,5,3,8,8,17,30,46,67,76,79,77,50,21
601,Hydronefrosa,9,-,-,-,-,-,-,-,1,-,-,-,-,1,-,-,-,-,2,2,1,1,1
602,Kaménky v ledvině a v močovodu,135,-,-,-,-,-,-,-,-,-,-,2,3,3,2,10,12,18,35,19,19,10,2
603,Jiné nemoci ledvin a močovodů,23,-,-,-,-,-,-,-,-,-,1,-,-,3,1,2,1,3,3,1,4,3,1
604,Kaménky v jiných částech ústrojí močového,6,-,-,-,-,-,-,-,-,-,-,-,-,1,-,1,-,1,-,1,-,1,1
605,Zánět měchýře močového,11,-,-,-,-,-,-,-,-,-,-,-,-,-,-,-,-,-,1,3,4,1,2
606,Jiné nemoci měchýře močového,2,-,-,-,-,-,-,-,-,-,-,-,-,-,-,-,1,-,-,-,-,1,-
607,Zánět roury močové,2,-,-,-,-,-,-,-,-,-,-,-,-,-,-,-,-,-,-,1,1,-,-
608,Zúžení roury močové,-,-,-,-,-,-,-,-,-,-,-,-,-,-,-,-,-,-,-,-,-,-,-
609,Jiné nemoci roury močové,-,-,-,-,-,-,-,-,-,-,-,-,-,-,-,-,-,-,-,-,-,-,-
610,Zbytnění žlázy předstrojné,x,x,x,x,x,x,x,x,x,x,x,x,x,x,x,x,x,x,x,x,x,x,x
611,Zánět žlázy předstojné,x,x,x,x,x,x,x,x,x,x,x,x,x,x,x,x,x,x,x,x,x,x,x
612,Jiné nemoci žlázy předstojné,x,x,x,x,x,x,x,x,x,x,x,x,x,x,x,x,x,x,x,x,x,x,x
613,Vodní kýla,x,x,x,x,x,x,x,x,x,x,x,x,x,x,x,x,x,x,x,x,x,x,x
614,Zánět varlat a nadvarlat,x,x,x,x,x,x,x,x,x,x,x,x,x,x,x,x,x,x,x,x,x,x,x
615,Fimosa a parafimosa,x,x,x,x,x,x,x,x,x,x,x,x,x,x,x,x,x,x,x,x,x,x,x
617,Jiné nemoci mužských pohlavních orgánů,x,x,x,x,x,x,x,x,x,x,x,x,x,x,x,x,x,x,x,x,x,x,x
620,Vleklá cystická onemocnění prsů,-,-,-,-,-,-,-,-,-,-,-,-,-,-,-,-,-,-,-,-,-,-,-
621,Jiné nemoci prsů,-,-,-,-,-,-,-,-,-,-,-,-,-,-,-,-,-,-,-,-,-,-,-
622,Prudký zánět vejcovodů a vaječníků,2,-,-,-,-,-,-,-,1,-,-,-,-,-,-,-,-,1,-,-,-,-,-
623,Vleklý zánět vejcovodů a vaječníků,2,-,-,-,-,-,-,-,-,-,-,-,-,-,1,-,-,1,-,-,-,-,-
624,Zánět vejcovodů a vaječníků blíže neurčený,1,-,-,-,-,-,-,-,-,-,-,-,-,-,1,-,-,-,-,-,-,-,-
625,Jiné nemoci vejcovodů a vaječníků,-,-,-,-,-,-,-,-,-,-,-,-,-,-,-,-,-,-,-,-,-,-,-
626,Nemoci parametria a pánevní pobřišnice,2,-,-,-,-,-,-,-,-,-,-,-,-,-,-,-,-,-,1,1,-,-,-
630,"Zánětlivá onemocnění dělohy,pochvy, hrmy",5,-,-,-,-,-,-,-,-,-,-,1,-,-,-,-,-,-,-,-,2,2,-
631,Výhřez dělohy a pochvy,4,-,-,-,-,-,-,-,-,-,-,-,-,-,-,-,-,-,1,1,1,1,-
632,Úchylky v poloze dělohy,-,-,-,-,-,-,-,-,-,-,-,-,-,-,-,-,-,-,-,-,-,-,-
633,Jiné nemoci dělohy,1,-,-,-,-,-,-,-,-,-,-,-,-,-,1,-,-,-,-,-,-,-,-
634,Poruchy menstruace,-,-,-,-,-,-,-,-,-,-,-,-,-,-,-,-,-,-,-,-,-,-,-
635,Příznaky přechodu,-,-,-,-,-,-,-,-,-,-,-,-,-,-,-,-,-,-,-,-,-,-,-
637,Jiné nemoci ženských pohlavních orgánů,-,-,-,-,-,-,-,-,-,-,-,-,-,-,-,-,-,-,-,-,-,-,-
,,,,,,,,,,,,,,,,,,,,,,,,
XI,"Porody, komplikace v těhotenství, při porodu a v šestinedělí",42,-,-,-,-,-,-,-,1,15,6,8,11,1,-,-,-,-,-,-,-,-,-
640,Pyelitis a pyelonephritis v těhotenství,-,-,-,-,-,-,-,-,-,-,-,-,-,-,-,-,-,-,-,-,-,-,-
641,Jiná zánětlivá onemocnění močového a pohlavního útrojí,-,-,-,-,-,-,-,-,-,-,-,-,-,-,-,-,-,-,-,-,-,-,-
642,Toxikosy v těhotenství,5,-,-,-,-,-,-,-,-,1,1,1,2,-,-,-,-,-,-,-,-,-,-
643,Vcestné lůžko,1,-,-,-,-,-,-,-,-,-,-,1,-,-,-,-,-,-,-,-,-,-,-
644,Jiná krvácení za těhotenství,1,-,-,-,-,-,-,-,-,1,-,-,-,-,-,-,-,-,-,-,-,-,-
645,Mimoděložní těhotenství,1,-,-,-,-,-,-,-,-,-,-,1,-,-,-,-,-,-,-,-,-,-,-
646,Chudokrevnost těhotenská,-,-,-,-,-,-,-,-,-,-,-,-,-,-,-,-,-,-,-,-,-,-,-
647,Těhotenství se špatnou polohou plodu v děloze,1,-,-,-,-,-,-,-,-,1,-,-,-,-,-,-,-,-,-,-,-,-,-
648,Jiné komplikace vznikající těhotenstvím,6,-,-,-,-,-,-,-,1,4,1,-,-,-,-,-,-,-,-,-,-,-,-
649,Těhotenství spojené s jinými stavy,-,-,-,-,-,-,-,-,-,-,-,-,-,-,-,-,-,-,-,-,-,-,-
650,Potrat bez zmínky o sepsi nebo toxaemii,5,-,-,-,-,-,-,-,-,1,-,2,2,-,-,-,-,-,-,-,-,-,-
651,Septický potrat,5,-,-,-,-,-,-,-,-,1,1,1,1,1,-,-,-,-,-,-,-,-,-
652,Potrat s toxaemií bez zmínky o sepsi,-,-,-,-,-,-,-,-,-,-,-,-,-,-,-,-,-,-,-,-,-,-,-
660,Porod bez komlikací,-,-,-,-,-,-,-,-,-,-,-,-,-,-,-,-,-,-,-,-,-,-,-
670,Porod komplikovaný vcestným lůžkem nebo předporodním krvácením,-,-,-,-,-,-,-,-,-,-,-,-,-,-,-,-,-,-,-,-,-,-,-
671,Porod komplikovaný zadrženým lůžkem,-,-,-,-,-,-,-,-,-,-,-,-,-,-,-,-,-,-,-,-,-,-,-
672,Porod komplikovaný jiným poporodním krvácením,4,-,-,-,-,-,-,-,-,2,1,1,-,-,-,-,-,-,-,-,-,-,-
673,Porod komplikovaný nenormálnostmi kostry pánevní,2,-,-,-,-,-,-,-,-,-,1,-,1,-,-,-,-,-,-,-,-,-,-
674,Porod komplikovaný neúměrností nebo špatnou polohou plodu,-,-,-,-,-,-,-,-,-,-,-,-,-,-,-,-,-,-,-,-,-,-,-
675,Porod komplikovaný prodloužením jiného původu,-,-,-,-,-,-,-,-,-,-,-,-,-,-,-,-,-,-,-,-,-,-,-
676,Porod s poraněním hráze bez zmínky o jiném poranění,-,-,-,-,-,-,-,-,-,-,-,-,-,-,-,-,-,-,-,-,-,-,-
677,Porod s jinými poraněními,2,-,-,-,-,-,-,-,-,-,1,-,1,-,-,-,-,-,-,-,-,-,-
678,Porod s jinými komplikacemi,2,-,-,-,-,-,-,-,-,1,-,-,1,-,-,-,-,-,-,-,-,-,-
680,Infekce močových cest v šestinedělí bez jiné sepse,-,-,-,-,-,-,-,-,-,-,-,-,-,-,-,-,-,-,-,-,-,-,-
681,Sepse při porodu a v šestinedělí,-,-,-,-,-,-,-,-,-,-,-,-,-,-,-,-,-,-,-,-,-,-,-
682,Zánět žil a záhať v šestinedělí,-,-,-,-,-,-,-,-,-,-,-,-,-,-,-,-,-,-,-,-,-,-,-
683,Horečka neznámého původu v šestinedělí,-,-,-,-,-,-,-,-,-,-,-,-,-,-,-,-,-,-,-,-,-,-,-
684,Plicní vmetek v šestinedělí,3,-,-,-,-,-,-,-,-,2,-,-,1,-,-,-,-,-,-,-,-,-,-
685,Křeče v šestinedělí,1,-,-,-,-,-,-,-,-,1,-,-,-,-,-,-,-,-,-,-,-,-,-
686,Jiné formy toxaemie v šestinedělí,-,-,-,-,-,-,-,-,-,-,-,-,-,-,-,-,-,-,-,-,-,-,-
687,Mozkové krvácení v šestinedělí,3,-,-,-,-,-,-,-,-,-,-,1,2,-,-,-,-,-,-,-,-,-,-
688,Jiné a blíže neoznačené komplikace v šestinedělí,-,-,-,-,-,-,-,-,-,-,-,-,-,-,-,-,-,-,-,-,-,-,-
689,Zánět prsů a jiné poruchy laktace,-,-,-,-,-,-,-,-,-,-,-,-,-,-,-,-,-,-,-,-,-,-,-
,,,,,,,,,,,,,,,,,,,,,,,,
XII,Nemoci kožní,35,-,-,-,-,-,-,-,-,-,-,-,1,-,1,2,4,5,3,6,4,5,4
690,Furunkl a karbunkl,-,-,-,-,-,-,-,-,-,-,-,-,-,-,-,-,-,-,-,-,-,-,-
691,Zánět podkožního vaziva prstů ruky a nohy,1,-,-,-,-,-,-,-,-,-,-,-,-,-,-,-,-,-,-,-,-,1,-
692,Jiný zánět a hlízy podkožního vaziva bez zmínky o zánětu mízních cév,5,-,-,-,-,-,-,-,-,-,-,-,-,-,-,1,1,-,-,1,-,1,1
693,Jiný zánět podkožního vaziva se zánětem mízních cév,1,-,-,-,-,-,-,-,-,-,-,-,-,-,-,-,-,1,-,-,-,-,-
694,Prudký zánět mízních uzlin,-,-,-,-,-,-,-,-,-,-,-,-,-,-,-,-,-,-,-,-,-,-,-
695,Impetigo contagiosa,-,-,-,-,-,-,-,-,-,-,-,-,-,-,-,-,-,-,-,-,-,-,-
696,Nakažlivá verruca,-,-,-,-,-,-,-,-,-,-,-,-,-,-,-,-,-,-,-,-,-,-,-
697,Molluscum contagiosum,-,-,-,-,-,-,-,-,-,-,-,-,-,-,-,-,-,-,-,-,-,-,-
698,Jiné místní infekce kůže a podkožního vaziva,2,-,-,-,-,-,-,-,-,-,-,-,-,-,-,-,-,-,-,-,1,1,-
700,Seboroický zánět kůže,-,-,-,-,-,-,-,-,-,-,-,-,-,-,-,-,-,-,-,-,-,-,-
701,Ekzém,-,-,-,-,-,-,-,-,-,-,-,-,-,-,-,-,-,-,-,-,-,-,-
702,Zánět kůže z povolání,-,-,-,-,-,-,-,-,-,-,-,-,-,-,-,-,-,-,-,-,-,-,-
703,Jiný zánět kůže,1,-,-,-,-,-,-,-,-,-,-,-,-,-,-,-,-,1,-,-,-,-,-
704,Pemfigus,2,-,-,-,-,-,-,-,-,-,-,-,-,-,-,-,-,-,-,2,-,-,-
705,Erythemové afekce,3,-,-,-,-,-,-,-,-,-,-,-,-,-,-,-,2,-,1,-,-,-,-
706,Lupénka a podobné stavy,1,-,-,-,-,-,-,-,-,-,-,-,-,-,-,-,-,1,-,-,-,-,-
707,Lichen planus,-,-,-,-,-,-,-,-,-,-,-,-,-,-,-,-,-,-,-,-,-,-,-
708,Svědivka a sdružené stavy,-,-,-,-,-,-,-,-,-,-,-,-,-,-,-,-,-,-,-,-,-,-,-
709,Kuří oko a mozol,-,-,-,-,-,-,-,-,-,-,-,-,-,-,-,-,-,-,-,-,-,-,-
710,Jiné hypertrofické stavy kůže,3,-,-,-,-,-,-,-,-,-,-,-,-,-,1,1,-,1,-,-,-,-,-
711,Jiné dermatosy,-,-,-,-,-,-,-,-,-,-,-,-,-,-,-,-,-,-,-,-,-,-,-
712,Nemoci nehtů,-,-,-,-,-,-,-,-,-,-,-,-,-,-,-,-,-,-,-,-,-,-,-
713,Nemoci vlasů a váčků vlasových,-,-,-,-,-,-,-,-,-,-,-,-,-,-,-,-,-,-,-,-,-,-,-
714,Nemoci potních a mazových žláz,-,-,-,-,-,-,-,-,-,-,-,-,-,-,-,-,-,-,-,-,-,-,-
715,Vleklý vřed kožní,16,-,-,-,-,-,-,-,-,-,-,-,1,-,-,-,1,1,2,3,3,2,3
716,Jiné nemoci kůže,-,-,-,-,-,-,-,-,-,-,-,-,-,-,-,-,-,-,-,-,-,-,-
,,,,,,,,,,,,,,,,,,,,,,,,
XIII,Nemoci kostí a pohybového ústrojí,149,1,-,-,1,-,-,3,-,-,-,-,2,-,-,3,8,16,14,24,38,26,13
720,Prudký zánět kloubů způsobený pyogenními koky,1,-,-,-,-,-,-,-,-,-,-,-,-,-,-,-,-,-,-,1,-,-,-
721,Prudký zánět kloubů původu nepyogenního,-,-,-,-,-,-,-,-,-,-,-,-,-,-,-,-,-,-,-,-,-,-,-
722,Reumatoidní zánět kloubů a sdružené stavy,75,-,-,-,-,-,-,2,-,-,-,-,-,-,-,2,3,8,10,11,21,15,3
723,Osteoarthritis (arthrosis) a sdružené stavy,36,-,-,-,-,-,-,-,-,-,-,-,-,-,-,-,-,2,1,5,15,7,6
724,Jiné určité druhy zánětů kloubních,1,-,-,-,-,-,-,-,-,-,-,-,-,-,-,-,-,-,-,1,-,-,-
725,Zánět kloubů blíže neurčený,-,-,-,-,-,-,-,-,-,-,-,-,-,-,-,-,-,-,-,-,-,-,-
726,Svalový reumatismus,1,-,-,-,-,-,-,-,-,-,-,-,-,-,-,-,-,-,-,-,-,1,-
727,Reumatismus blíže neurčený,1,-,-,-,-,-,-,-,-,-,-,-,-,-,-,-,-,-,-,-,-,-,1
730,Zánět dřeně kostní a okostice,10,1,-,-,1,-,-,-,-,-,-,-,-,-,-,1,1,1,2,1,1,-,1
731,Pagetova nemoc kostní,1,-,-,-,-,-,-,-,-,-,-,-,-,-,-,-,-,-,-,1,-,-,-
732,Osteochondrosis,-,-,-,-,-,-,-,-,-,-,-,-,-,-,-,-,-,-,-,-,-,-,-
733,Jiné nemoci kostí,5,-,-,-,-,-,-,-,-,-,-,-,1,-,-,-,-,-,-,1,1,2,-
734,Vnitřní poruchy kolenního kloubu,-,-,-,-,-,-,-,-,-,-,-,-,-,-,-,-,-,-,-,-,-,-,-
735,Výhřez meziobratlové ploténky,-,-,-,-,-,-,-,-,-,-,-,-,-,-,-,-,-,-,-,-,-,-,-
736,Vady ve skloubení kosti pánevní s kostí křížovou,-,-,-,-,-,-,-,-,-,-,-,-,-,-,-,-,-,-,-,-,-,-,-
737,Nehybnost kloubů,1,-,-,-,-,-,-,-,-,-,-,-,-,-,-,-,-,-,-,1,-,-,-
738,Jiné nemoci kloubů,3,-,-,-,-,-,-,-,-,-,-,-,-,-,-,-,-,1,1,1,-,-,-
740,Otlačenina,-,-,-,-,-,-,-,-,-,-,-,-,-,-,-,-,-,-,-,-,-,-,-
741,"Synovitis,bursitis a tenosynovitis bez zmínky o původu z povolání",-,-,-,-,-,-,-,-,-,-,-,-,-,-,-,-,-,-,-,-,-,-,-
742,"Synovitis,bursitis a tenosynovitis způsobené povoláním",-,-,-,-,-,-,-,-,-,-,-,-,-,-,-,-,-,-,-,-,-,-,-
743,Zánět svalů a jiná zánětlivá onemocnění šlach a povázek,-,-,-,-,-,-,-,-,-,-,-,-,-,-,-,-,-,-,-,-,-,-,-
744,"Jiná onemocnění svalů, povázek a šlach",4,-,-,-,-,-,-,1,-,-,-,-,1,-,-,-,1,1,-,-,-,-,-
745,Zkřivení páteře,9,-,-,-,-,-,-,-,-,-,-,-,-,-,-,-,3,2,-,1,-,1,2
746,Plochá noha,-,-,-,-,-,-,-,-,-,-,-,-,-,-,-,-,-,-,-,-,-,-,-
747,Vbočení a vybočení palce nohy,1,-,-,-,-,-,-,-,-,-,-,-,-,-,-,-,-,1,-,-,-,-,-
748,Pes aquinovarus,-,-,-,-,-,-,-,-,-,-,-,-,-,-,-,-,-,-,-,-,-,-,-
749,Jiné deformity,-,-,-,-,-,-,-,-,-,-,-,-,-,-,-,-,-,-,-,-,-,-,-
,,,,,,,,,,,,,,,,,,,,,,,,
XIV,Vrozené vady vývojové,352,268,12,6,4,7,21,9,9,7,3,1,1,1,-,2,1,-,-,-,-,-,-
750,Zrůdy,24,24,-,-,-,-,-,-,-,-,-,-,-,-,-,-,-,-,-,-,-,-,-
751,Rozštěp páteře a omozečnicová kýla,22,20,-,-,-,2,-,-,-,-,-,-,-,-,-,-,-,-,-,-,-,-,-
752,Vrozená vodnatelnost mozku,41,33,1,1,-,1,3,-,1,1,-,-,-,-,-,-,-,-,-,-,-,-,-
753,Jiné vrozené vývojové vady soustvy nervové a smyslových orgánů,20,13,1,1,1,1,2,1,-,-,-,-,-,-,-,-,-,-,-,-,-,-,-
754,Vrozená vývojová vada ústrojí cevního,155,97,9,2,3,2,14,8,7,4,3,1,1,1,-,2,1,-,-,-,-,-,-
755,Rozstěp patra a rtu,6,5,1,-,-,-,-,-,-,-,-,-,-,-,-,-,-,-,-,-,-,-,-
756,Vrozená vývojová vady ústrojí trávicího,35,33,-,1,-,-,-,-,-,1,-,-,-,-,-,-,-,-,-,-,-,-,-
757,Vrozená vývojová vada ústrojí močového a pohlavního,14,13,-,-,-,1,-,-,-,-,-,-,-,-,-,-,-,-,-,-,-,-,-
758,Vrozená vývojová vada kostí a kloubů,8,7,-,-,-,-,1,-,-,-,-,-,-,-,-,-,-,-,-,-,-,-,-
759,"Jiné a blíže neurčené vrozené vady vývojové, nejsou-li zařazeny jinde",27,23,-,1,-,-,1,-,1,1,-,-,-,-,-,-,-,-,-,-,-,-,-
,,,,,,,,,,,,,,,,,,,,,,,,
XV,Zvláštní nemoci raného věku,732,732,-,-,-,-,-,-,-,-,-,-,-,-,-,-,-,-,-,-,-,-,-
760,Poranění nitrolební  a míšní při porodu,102,102,-,-,-,-,-,-,-,-,-,-,-,-,-,-,-,-,-,-,-,-,-
761,Jiná poranění při porodu,29,29,-,-,-,-,-,-,-,-,-,-,-,-,-,-,-,-,-,-,-,-,-
762,Asfyxie a bezvzdušnost plic novorozenců,376,376,-,-,-,-,-,-,-,-,-,-,-,-,-,-,-,-,-,-,-,-,-
763,Zánět plic novorozenců,65,65,-,-,-,-,-,-,-,-,-,-,-,-,-,-,-,-,-,-,-,-,-
764,Průjem novorozenců,4,4,-,-,-,-,-,-,-,-,-,-,-,-,-,-,-,-,-,-,-,-,-
765,Zánět oka novorozenců,-,-,-,-,-,-,-,-,-,-,-,-,-,-,-,-,-,-,-,-,-,-,-
766,Puchýřina novorozenců,-,-,-,-,-,-,-,-,-,-,-,-,-,-,-,-,-,-,-,-,-,-,-
767,Pupečníková sepse,2,2,-,-,-,-,-,-,-,-,-,-,-,-,-,-,-,-,-,-,-,-,-
768,Jiné sepse novorozenců,2,2,-,-,-,-,-,-,-,-,-,-,-,-,-,-,-,-,-,-,-,-,-
769,Poruchy u novorozenců vznikající z mateřské toxaemie,1,1,-,-,-,-,-,-,-,-,-,-,-,-,-,-,-,-,-,-,-,-,-
770,Haemolytická nemoc novorozenců,8,8,-,-,-,-,-,-,-,-,-,-,-,-,-,-,-,-,-,-,-,-,-
771,Krvácivost novorozenců,7,7,-,-,-,-,-,-,-,-,-,-,-,-,-,-,-,-,-,-,-,-,-
772,Poruchy výživy,2,2,-,-,-,-,-,-,-,-,-,-,-,-,-,-,-,-,-,-,-,-,-
773,Blíže neurčené nemoci novorozenců,21,21,-,-,-,-,-,-,-,-,-,-,-,-,-,-,-,-,-,-,-,-,-
774,Nedonošenost se zmínkou o kterémkoli jiném následném stavu,-,-,-,-,-,-,-,-,-,-,-,-,-,-,-,-,-,-,-,-,-,-,-
775,Nedonošenost jakožto následek jiné příčiny,-,-,-,-,-,-,-,-,-,-,-,-,-,-,-,-,-,-,-,-,-,-,-
776,Nedonošenost blíže neurčená,113,113,-,-,-,-,-,-,-,-,-,-,-,-,-,-,-,-,-,-,-,-,-
,,,,,,,,,,,,,,,,,,,,,,,,
XVI,"Chorobné příznaky,stařecká sešlost a nedefinovatelné stavy",880,1,-,-,-,-,-,-,-,-,-,-,1,-,-,2,4,3,20,38,122,242,447
780,Chorobné příznaky soustavy nervové a čidel,-,-,-,-,-,-,-,-,-,-,-,-,-,-,-,-,-,-,-,-,-,-,-
781,Jiné chorobné příznaky soustavy nervové a čidel,-,-,-,-,-,-,-,-,-,-,-,-,-,-,-,-,-,-,-,-,-,-,-
782,Chorobné příznaky ústrojí cevního,36,-,-,-,-,-,-,-,-,-,-,-,1,-,-,-,2,-,5,2,14,9,3
783,Chorobné příznaky ústrojí dýchacího,4,-,-,-,-,-,-,-,-,-,-,-,-,-,-,-,-,-,3,-,-,1,-
784,Chorobné příznaky horní části ústrojí trávicího,1,-,-,-,-,-,-,-,-,-,-,-,-,-,-,-,-,-,-,-,-,1,-
785,Chorobné příznaky břicha a dolní části ústrojí trávicího,2,-,-,-,-,-,-,-,-,-,-,-,-,-,-,-,-,-,-,-,1,1,-
786,Chorobné příznaky ústrojí pohlavního a močového,-,-,-,-,-,-,-,-,-,-,-,-,-,-,-,-,-,-,-,-,-,-,-
787,Chorobné příznaky končetin a zad,-,-,-,-,-,-,-,-,-,-,-,-,-,-,-,-,-,-,-,-,-,-,-
788,Jiné celkové chorobné příznaky,-,-,-,-,-,-,-,-,-,-,-,-,-,-,-,-,-,-,-,-,-,-,-
789,Pathologický obsah v moči,-,-,-,-,-,-,-,-,-,-,-,-,-,-,-,-,-,-,-,-,-,-,-
790,"Nervosita a asthenie, deprese",1,-,-,-,-,-,-,-,-,-,-,-,-,-,-,1,-,-,-,-,-,-,-
791,Bolest hlavy,-,-,-,-,-,-,-,-,-,-,-,-,-,-,-,-,-,-,-,-,-,-,-
792,Uraemie blíže neurčená,4,-,-,-,-,-,-,-,-,-,-,-,-,-,-,1,-,1,1,1,-,-,-
793,Pozorování bez potřeby další lékařské péče,-,-,-,-,-,-,-,-,-,-,-,-,-,-,-,-,-,-,-,-,-,-,-
794,Stařecká sešlost bez zmínky o psychose,827,-,-,-,-,-,-,-,-,-,-,-,-,-,-,-,1,1,11,33,107,230,444
795,Nepřesné nebo neznámé příčiny nemocí a úmrtí,5,1,-,-,-,-,-,-,-,-,-,-,-,-,-,-,1,1,-,2,-,-,-
,,,,,,,,,,,,,,,,,,,,,,,,
NXVII,Úrazy a otravy podle druhu poranění,2 635,47,18,18,11,8,34,42,112,83,60,67,80,100,73,125,141,161,199,277,341,331,307
,,,,,,,,,,,,,,,,,,,,,,,,
,"Zlomeniny lebky, páteře a kostí trupu",407,2,-,1,2,2,10,12,26,17,10,11,16,26,12,21,39,29,37,45,34,33,22
N 800,Zlomenina klenby lebeční,33,2,-,-,-,1,1,1,2,1,3,-,1,-,2,-,3,3,2,4,2,2,3
N 801,Zlomenina spodiny lebeční,109,-,-,-,1,-,4,7,10,5,3,2,4,7,3,5,13,6,11,9,10,5,4
N 802,Zlomenina obličejových kostí,6,-,-,-,-,-,-,-,-,-,-,1,1,-,-,-,1,-,1,2,-,-,-
N 803,Jiná nebo neurčená zlomenina lebky,28,-,-,1,1,-,-,2,3,2,-,-,3,1,1,2,4,2,2,3,1,-,-
N 804,Zlomenmina lebky nebo kostí obliče- jových sdružená se zlomeninou jiných kostí,52,-,-,-,-,-,1,-,2,2,-,2,1,6,2,2,5,8,2,6,4,5,4
N 805,Zlomenina a zlomeninové dislokace páteře bez zmínky o poranění míchy,17,-,-,-,-,-,-,1,2,-,-,-,-,-,2,1,-,-,1,5,2,3,-
N 806,Zlomenina a zlomeninové dislokace páteře a poranění míchy,28,-,-,-,-,-,-,-,1,2,1,-,-,5,-,4,4,-,4,3,2,1,1
N 807,Zlomeniny žebra (žeber) a hrudní kosti,47,-,-,-,-,1,1,1,-,2,1,1,2,3,-,2,3,4,3,6,5,6,6
N 808,Zlomenina pánve,55,-,-,-,-,-,2,-,2,-,1,3,1,3,-,2,4,2,9,6,7,10,3
N 809,Mnohočetné a blíže neoznačené zlomeniny kostí trupu,32,-,-,-,-,-,1,-,4,3,1,2,3,1,2,3,2,4,2,1,1,1,1
,,,,,,,,,,,,,,,,,,,,,,,,
,Zlomeniny hrudní končetiny,30,-,-,-,-,-,-,-,-,-,-,-,-,-,-,-,-,3,2,2,8,9,6
N 810,Zlomenina kosti klíční,.,.,.,.,.,.,.,.,.,.,.,.,.,.,.,.,.,.,.,.,.,.,.
N 812,Zlomenina kosti pažní,.,.,.,.,.,.,.,.,.,.,.,.,.,.,.,.,.,.,.,.,.,.,.
N 813,Zlomenina kosti vřetenní a kosti loketní,.,.,.,.,.,.,.,.,.,.,.,.,.,.,.,.,.,.,.,.,.,.,.
N 814,Zlomenina kosti zápěstí,.,.,.,.,.,.,.,.,.,.,.,.,.,.,.,.,.,.,.,.,.,.,.
N 815,Zlomenina kosti pěstní,.,.,.,.,.,.,.,.,.,.,.,.,.,.,.,.,.,.,.,.,.,.,.
N 816,Zlomenina jednoho nebo několika prstních článků ruky,.,.,.,.,.,.,.,.,.,.,.,.,.,.,.,.,.,.,.,.,.,.,.
N 817,Jiné mnohočetné nebo blíže neurčené zlomeniny ruky,.,.,.,.,.,.,.,.,.,.,.,.,.,.,.,.,.,.,.,.,.,.,.
N 818,Jiné mnohonásobné a špatně určitelné zlomeniny hrudní končetiny,.,.,.,.,.,.,.,.,.,.,.,.,.,.,.,.,.,.,.,.,.,.,.
N 819,Mnohočetné zlomeniny postihující obě hrudní končetiny a hrudní končetinu se žebrem (žebry) a kostí hrudní,.,.,.,.,.,.,.,.,.,.,.,.,.,.,.,.,.,.,.,.,.,.,.
,,,,,,,,,,,,,,,,,,,,,,,,
,Zlomeniny pánevní končetiny,679,-,-,-,-,-,-,-,2,1,-,3,-,-,1,1,5,13,38,84,142,180,209
N 820,Zlomenina krčku kosti stehenní,.,.,.,.,.,.,.,.,.,.,.,.,.,.,.,.,.,.,.,.,.,.,.
N 821,Zlomenina jiné nebo neoznačené části kosti stehenní,.,.,.,.,.,.,.,.,.,.,.,.,.,.,.,.,.,.,.,.,.,.,.
N 822,Zlomenina čéšky,.,.,.,.,.,.,.,.,.,.,.,.,.,.,.,.,.,.,.,.,.,.,.
N 823,Zlomenina kosti holenní a kosti lýtkové,.,.,.,.,.,.,.,.,.,.,.,.,.,.,.,.,.,.,.,.,.,.,.
N 824,Zlomenina kotníku,.,.,.,.,.,.,.,.,.,.,.,.,.,.,.,.,.,.,.,.,.,.,.
N 825,Zlomenina jedné nebo několika kostí zánártních nebo nártních,.,.,.,.,.,.,.,.,.,.,.,.,.,.,.,.,.,.,.,.,.,.,.
N 826,Zlomenina jednoho nebo několika článků prstu nohy ,.,.,.,.,.,.,.,.,.,.,.,.,.,.,.,.,.,.,.,.,.,.,.
N 827 ,"Jiné, mnohočetné nebo blíže neurčené zlomeniny pánevní končetiny",.,.,.,.,.,.,.,.,.,.,.,.,.,.,.,.,.,.,.,.,.,.,.
N 828,"Mnohočetné zlomeniny obou pánevních končetin, pánevní a hrudní končetiny, pánevní končetiny a žebra (žeber) nebo kosti hrudní",.,.,.,.,.,.,.,.,.,.,.,.,.,.,.,.,.,.,.,.,.,.,.
N 829,Zlomenina neurčených kostí,.,.,.,.,.,.,.,.,.,.,.,.,.,.,.,.,.,.,.,.,.,.,.
 ,,,,,,,,,,,,,,,,,,,,,,,,
,Vymknutí a podvrtnutí bez zlomeniny,-,-,-,-,-,-,-,-,-,-,-,-,-,-,-,-,-,-,-,-,-,-,-
N 830,Vymknutí a podvrtnutí čelisti,.,.,.,.,.,.,.,.,.,.,.,.,.,.,.,.,.,.,.,.,.,.,.
N 831,Vymknutí a podvrtnutí ramene,.,.,.,.,.,.,.,.,.,.,.,.,.,.,.,.,.,.,.,.,.,.,.
N 832,Vymknutí a podvrtnutí lokte,.,.,.,.,.,.,.,.,.,.,.,.,.,.,.,.,.,.,.,.,.,.,.
N 833,Vymknutí a podvrtnutí zápěstí,.,.,.,.,.,.,.,.,.,.,.,.,.,.,.,.,.,.,.,.,.,.,.
N 834,Vymknutí a podvrtnutí prstů,.,.,.,.,.,.,.,.,.,.,.,.,.,.,.,.,.,.,.,.,.,.,.
N 835,Vymknutí a podvrtnutí kyčle,.,.,.,.,.,.,.,.,.,.,.,.,.,.,.,.,.,.,.,.,.,.,.
N 836 ,Vymknutí a podvrtnutí kolena,.,.,.,.,.,.,.,.,.,.,.,.,.,.,.,.,.,.,.,.,.,.,.
N 837,Vymknutí a podvrtnutí kotníku,.,.,.,.,.,.,.,.,.,.,.,.,.,.,.,.,.,.,.,.,.,.,.
N 838 ,Vymknutí a podvrtnutí kloubů nohy,.,.,.,.,.,.,.,.,.,.,.,.,.,.,.,.,.,.,.,.,.,.,.
N 839,Jiné mnohočetné nebo blíže neurčené luxace,.,.,.,.,.,.,.,.,.,.,.,.,.,.,.,.,.,.,.,.,.,.,.
,,,,,,,,,,,,,,,,,,,,,,,,
,Zhmoždění kloubů a přilehlých svalů,3,-,-,-,-,-,-,-,-,-,-,-,-,-,-,-,-,-,-,-,-,2,1
N 840,Zhmoždění ramene a horní části paže,.,.,.,.,.,.,.,.,.,.,.,.,.,.,.,.,.,.,.,.,.,.,.
N 841,Zhmodžení lokte a předloktí,.,.,.,.,.,.,.,.,.,.,.,.,.,.,.,.,.,.,.,.,.,.,.
N 842,Zhmoždění zápěstí a ruky,.,.,.,.,.,.,.,.,.,.,.,.,.,.,.,.,.,.,.,.,.,.,.
N 843,Zhmoždění kyčle a stehna,.,.,.,.,.,.,.,.,.,.,.,.,.,.,.,.,.,.,.,.,.,.,.
N 844,Zhmoždění kolena a bérce,.,.,.,.,.,.,.,.,.,.,.,.,.,.,.,.,.,.,.,.,.,.,.
N 845,Zhmoždění kotníku a nohy,.,.,.,.,.,.,.,.,.,.,.,.,.,.,.,.,.,.,.,.,.,.,.
N 846,Zhmoždění krajiny kosti křížové,.,.,.,.,.,.,.,.,.,.,.,.,.,.,.,.,.,.,.,.,.,.,.
N 847,zhmoždění jiných nebo neurčených částí beder,.,.,.,.,.,.,.,.,.,.,.,.,.,.,.,.,.,.,.,.,.,.,.
N 848,Jiné a blíže neurčené zhmoždění,.,.,.,.,.,.,.,.,.,.,.,.,.,.,.,.,.,.,.,.,.,.,.
,,,,,,,,,,,,,,,,,,,,,,,,
,Poranění hlavy (bez lebečních zlomenin),187,3,2,3,1,3,7,2,16,6,1,6,12,7,5,13,6,15,11,14,15,19,20
N 850,Krvavé poranění vlasové části hlavy,-,-,-,-,-,-,-,-,-,-,-,-,-,-,-,-,-,-,-,-,-,-,-
N 851,Zhmoždění a krevní výron ve vlasové části hlavy,1,-,-,1,-,-,-,-,-,-,-,-,-,-,-,-,-,-,-,-,-,-,-
N 852,Otřes mozku,28,-,-,-,-,1,-,-,-,1,-,-,1,-,1,-,1,2,4,1,4,4,8
N 853,Poranění a zhmoždění mozku,124,-,1,2,1,2,7,2,16,5,1,4,10,6,4,12,3,8,6,11,8,9,6
N 854,"Krvácení subarachnoidální, subdurální a extradurální po poranění (bez poranění mozku)",21,3,1,-,-,-,-,-,-,-,-,1,-,1,-,1,2,3,1,1,2,3,2
N 855,Jiné nebo neurčené vnitrolební krvácení po poranění (bez poranění mozku),6,-,-,-,-,-,-,-,-,-,-,1,1,-,-,-,-,-,-,1,1,1,1
N 856,Poranění hlavy jiného nebo neurčeného druhu,7,-,-,-,-,-,-,-,-,-,-,-,-,-,-,-,-,2,-,-,-,2,3
,,,,,,,,,,,,,,,,,,,,,,,,
,"Vnitřní poranění hrudníku, břicha a pánve",68,-,-,2,-,1,6,3,5,7,2,7,3,4,2,2,3,3,2,8,6,2,-
N 860,Úrazový pneumothorax a haemothorax,3,-,-,-,-,-,2,-,-,-,-,-,-,-,-,-,-,-,-,1,-,-,-
N 861,Poranění srdce a plic,31,-,-,-,-,-,-,-,4,3,1,7,1,2,2,2,2,1,1,3,2,-,-
N 862,Poranění jiných nebo neurčených hrudních orgánů,7,-,-,-,-,-,-,1,-,-,-,-,2,-,-,-,-,-,1,1,1,1,-
N 863,Poranění trávicího ústrojí,2,-,-,-,-,-,1,-,-,-,-,-,-,-,-,-,-,-,-,1,-,-,-
N 864,Poranění jater,5,-,-,1,-,-,1,-,-,1,-,-,-,-,-,-,-,-,-,1,-,1,-
N 865,Poranění sleziny,7,-,-,-,-,-,-,-,-,1,-,-,-,2,-,-,1,1,-,1,1,-,-
N 866,Poranění ledvin,2,-,-,-,-,-,-,1,-,-,1,-,-,-,-,-,-,-,-,-,-,-,-
N 867,Poranění orgánů pánevních,1,-,-,-,-,-,-,-,-,-,1,-,-,-,-,-,-,-,-,-,-,-,-
N 868,Poranění jiných nebo neurčených břišních orgánů,3,-,-,-,-,-,1,-,-,-,-,-,-,-,-,-,-,1,-,-,1,-,-
N 869,Vnitřní poranění neurčená nebo postihující současně hrudní a břišní orgány,7,-,-,1,-,1,-,2,1,1,-,-,-,-,-,-,-,-,-,-,1,-,-
,,,,,,,,,,,,,,,,,,,,,,,,
,"Rozdrcení a krvavé zranění obličeje, šíje a trupu",26,-,-,1,-,-,-,-,3,1,1,2,1,3,4,1,1,1,-,2,3,1,1
N 871,Enukleace oka,.,.,.,.,.,.,.,.,.,.,.,.,.,.,.,.,.,.,.,.,.,.,.
N 872,Krvavé zranění ucha,.,.,.,.,.,.,.,.,.,.,.,.,.,.,.,.,.,.,.,.,.,.,.
N 873,Jiné nebo neurčené krvavé zranění obličeje,.,.,.,.,.,.,.,.,.,.,.,.,.,.,.,.,.,.,.,.,.,.,.
N 874,Krvavé zranění šíje,.,.,.,.,.,.,.,.,.,.,.,.,.,.,.,.,.,.,.,.,.,.,.
N 875,Krvavé zranění hrudníku,.,.,.,.,.,.,.,.,.,.,.,.,.,.,.,.,.,.,.,.,.,.,.
N 876,Krvavé zranění beder,.,.,.,.,.,.,.,.,.,.,.,.,.,.,.,.,.,.,.,.,.,.,.
N 877,Krvavé zranění krajiny křížové,.,.,.,.,.,.,.,.,.,.,.,.,.,.,.,.,.,.,.,.,.,.,.
N 878,"Krvavé zranění pohlavních orgánů, rovněž traumatická amputace",.,.,.,.,.,.,.,.,.,.,.,.,.,.,.,.,.,.,.,.,.,.,.
N 879,"Mnohonásobná nebo neurčená krvavá zranění v obličeji, šíje a trupu",.,.,.,.,.,.,.,.,.,.,.,.,.,.,.,.,.,.,.,.,.,.,.
,,,,,,,,,,,,,,,,,,,,,,,,
,Rozdrcení a krvavé zranění hrudní končetiny,8,-,-,-,-,-,-,-,-,-,1,-,-,1,-,1,1,2,-,-,-,1,1
N 880,Krvavé zranění ramene a horní části paže,.,.,.,.,.,.,.,.,.,.,.,.,.,.,.,.,.,.,.,.,.,.,.
N 881,"Krvavé zranění lokte, předloktí a zápěstí, nepostihující šlachy",.,.,.,.,.,.,.,.,.,.,.,.,.,.,.,.,.,.,.,.,.,.,.
N 882,"Krvavé zranění zápěstí, postihující šlachy",.,.,.,.,.,.,.,.,.,.,.,.,.,.,.,.,.,.,.,.,.,.,.
N 883,"Krvavé zranění ruky, kromě prstů",.,.,.,.,.,.,.,.,.,.,.,.,.,.,.,.,.,.,.,.,.,.,.
N 884,Krvavé zranění prstů,.,.,.,.,.,.,.,.,.,.,.,.,.,.,.,.,.,.,.,.,.,.,.
N 885,Mnohočetná nebo neurčená krvavá zranění hrudní končetiny,.,.,.,.,.,.,.,.,.,.,.,.,.,.,.,.,.,.,.,.,.,.,.
N 886,Traumatická amputace palce ruky,.,.,.,.,.,.,.,.,.,.,.,.,.,.,.,.,.,.,.,.,.,.,.
N 887,Traumatická amputace jiného prstu ruky,.,.,.,.,.,.,.,.,.,.,.,.,.,.,.,.,.,.,.,.,.,.,.
N 888,Traumatická amputace ruky a paže,.,.,.,.,.,.,.,.,.,.,.,.,.,.,.,.,.,.,.,.,.,.,.
,,,,,,,,,,,,,,,,,,,,,,,,
,Rozdrcení a krvavé zranění pánevní končetiny,7,-,-,-,-,-,-,-,-,-,-,-,-,-,-,2,-,1,-,1,2,-,1
N 890,Krvavé zranění kyčle a stehna,.,.,.,.,.,.,.,.,.,.,.,.,.,.,.,.,.,.,.,.,.,.,.
N 891,"Krvavé zranění kolena, bérce, lýtka a kotníku, nepostihující šlachy",.,.,.,.,.,.,.,.,.,.,.,.,.,.,.,.,.,.,.,.,.,.,.
N 892,"Krvavé zranění kotníku, postihující šlachy",.,.,.,.,.,.,.,.,.,.,.,.,.,.,.,.,.,.,.,.,.,.,.
N 893,Krvavé zranění  nártu a chodidla,.,.,.,.,.,.,.,.,.,.,.,.,.,.,.,.,.,.,.,.,.,.,.
N 894,Krvavé zranění prstů,.,.,.,.,.,.,.,.,.,.,.,.,.,.,.,.,.,.,.,.,.,.,.
N 895,Mnohočetná nebo neurčená krvavá zranění pánevní končetiny,.,.,.,.,.,.,.,.,.,.,.,.,.,.,.,.,.,.,.,.,.,.,.
N 896,Traumatická amputace prstu nohy,.,.,.,.,.,.,.,.,.,.,.,.,.,.,.,.,.,.,.,.,.,.,.
N 897,Traumatická amputace chodidla,.,.,.,.,.,.,.,.,.,.,.,.,.,.,.,.,.,.,.,.,.,.,.
N 898,Traumatická amputace dolní končetiny,.,.,.,.,.,.,.,.,.,.,.,.,.,.,.,.,.,.,.,.,.,.,.
 ,,,,,,,,,,,,,,,,,,,,,,,,
,Rozdrcení a krvavé zranění několika míst,1,-,-,-,-,-,-,-,-,1,-,-,-,-,-,-,-,-,-,-,-,-,-
N 901,Krvavé zranění obou pánevních končetin,.,.,.,.,.,.,.,.,.,.,.,.,.,.,.,.,.,.,.,.,.,.,.
N 902,Krvavé zranění hrudní a pánevní končetiny,.,.,.,.,.,.,.,.,.,.,.,.,.,.,.,.,.,.,.,.,.,.,.
N 903,Krvavé zranění obou rukou,.,.,.,.,.,.,.,.,.,.,.,.,.,.,.,.,.,.,.,.,.,.,.
N 904,Krvavé zranění hlavy a končetiny,.,.,.,.,.,.,.,.,.,.,.,.,.,.,.,.,.,.,.,.,.,.,.
N 905,Krvavé zranění hlavy a trupu,.,.,.,.,.,.,.,.,.,.,.,.,.,.,.,.,.,.,.,.,.,.,.
N 906,Krvavé zranění trupu a končetiny,.,.,.,.,.,.,.,.,.,.,.,.,.,.,.,.,.,.,.,.,.,.,.
N 907,Krvavé zranění obličeje a další části,.,.,.,.,.,.,.,.,.,.,.,.,.,.,.,.,.,.,.,.,.,.,.
N 908,Krvavé zranění neurčeného umístění,.,.,.,.,.,.,.,.,.,.,.,.,.,.,.,.,.,.,.,.,.,.,.
,,,,,,,,,,,,,,,,,,,,,,,,
,Povrchní poranění,-,-,-,-,-,-,-,-,-,-,-,-,-,-,-,-,-,-,-,-,-,-,-
N 910,Povrchní poranění obličeje a šíje,.,.,.,.,.,.,.,.,.,.,.,.,.,.,.,.,.,.,.,.,.,.,.
N 911,Povrchní poranění trupu,.,.,.,.,.,.,.,.,.,.,.,.,.,.,.,.,.,.,.,.,.,.,.
N 912,Povrchní poranění ramene a horní části paže,.,.,.,.,.,.,.,.,.,.,.,.,.,.,.,.,.,.,.,.,.,.,.
N 913,"Povrchní poranění lokte, předloktí a zápěstí",.,.,.,.,.,.,.,.,.,.,.,.,.,.,.,.,.,.,.,.,.,.,.
N 914,"Povrchní poranění ruky, kromě prstů",.,.,.,.,.,.,.,.,.,.,.,.,.,.,.,.,.,.,.,.,.,.,.
N 915,Povrchní poranění prstů,.,.,.,.,.,.,.,.,.,.,.,.,.,.,.,.,.,.,.,.,.,.,.
N 916,"Povrchní poranění kyčle, stehna, holeně, lýtka a kotníků",.,.,.,.,.,.,.,.,.,.,.,.,.,.,.,.,.,.,.,.,.,.,.
N 917,Povrchní poranění nohy a prstů,.,.,.,.,.,.,.,.,.,.,.,.,.,.,.,.,.,.,.,.,.,.,.
N 918,"Povrchní poranění jiného, mnohočetného nebo neurčeného umístění",.,.,.,.,.,.,.,.,.,.,.,.,.,.,.,.,.,.,.,.,.,.,.
,,,,,,,,,,,,,,,,,,,,,,,,
,Zhmoždění bez porušení povrchu kožního,5,-,-,-,-,-,-,-,-,-,-,-,-,-,-,-,1,-,-,-,2,2,-
N 920,"Zhmoždění obličeje a šíje, kromě oka",.,.,.,.,.,.,.,.,.,.,.,.,.,.,.,.,.,.,.,.,.,.,.
N 921,Zhmoždění oka a očnice,.,.,.,.,.,.,.,.,.,.,.,.,.,.,.,.,.,.,.,.,.,.,.
N 922,Zhmoždění trupu,.,.,.,.,.,.,.,.,.,.,.,.,.,.,.,.,.,.,.,.,.,.,.
N 923,Zhmoždění ramene a horní části paže,.,.,.,.,.,.,.,.,.,.,.,.,.,.,.,.,.,.,.,.,.,.,.
N 924,"Zhmoždění lokte, předloktí a zápěstí",.,.,.,.,.,.,.,.,.,.,.,.,.,.,.,.,.,.,.,.,.,.,.
N 925,"Zhmoždění ruky, kromě prstů",.,.,.,.,.,.,.,.,.,.,.,.,.,.,.,.,.,.,.,.,.,.,.
N 926,Zhmoždění prstů,.,.,.,.,.,.,.,.,.,.,.,.,.,.,.,.,.,.,.,.,.,.,.
N 927,"Zhmoždění kyčle, stehna, holeně, lýtka a kotníků",.,.,.,.,.,.,.,.,.,.,.,.,.,.,.,.,.,.,.,.,.,.,.
N 928,Zhmoždění nohy a prstů,.,.,.,.,.,.,.,.,.,.,.,.,.,.,.,.,.,.,.,.,.,.,.
N 929,Zhmoždění jiného mnohočetného nebo neurčenéhop umístění,.,.,.,.,.,.,.,.,.,.,.,.,.,.,.,.,.,.,.,.,.,.,.
,,,,,,,,,,,,,,,,,,,,,,,,
,Následky vniknutí cizího tělesa otvorem těla,43,23,6,-,1,-,-,1,-,-,-,-,2,1,-,-,1,1,-,4,1,1,1
N 930,Cizí těleso v oku a v adnexech,.,.,.,.,.,.,.,.,.,.,.,.,.,.,.,.,.,.,.,.,.,.,.
N 931,Cizí těleso v uchu,.,.,.,.,.,.,.,.,.,.,.,.,.,.,.,.,.,.,.,.,.,.,.
N 932,Cizí těleso v nose,.,.,.,.,.,.,.,.,.,.,.,.,.,.,.,.,.,.,.,.,.,.,.
N 933,Cizí těleso v hltanu a hrtanu,.,.,.,.,.,.,.,.,.,.,.,.,.,.,.,.,.,.,.,.,.,.,.
N 934,Cizí těleso v průduškách a plících,.,.,.,.,.,.,.,.,.,.,.,.,.,.,.,.,.,.,.,.,.,.,.
N 935,Cizí těleso v trávicím ústrojí,.,.,.,.,.,.,.,.,.,.,.,.,.,.,.,.,.,.,.,.,.,.,.
N 936,Cizí těleso v ústrojí močovém a pohlavním,.,.,.,.,.,.,.,.,.,.,.,.,.,.,.,.,.,.,.,.,.,.,.
,,,,,,,,,,,,,,,,,,,,,,,,
,Popáleniny,77,2,2,1,3,1,-,2,-,-,1,4,1,1,2,2,2,4,5,10,15,12,7
N 940,Popálenina postihující oko,.,.,.,.,.,.,.,.,.,.,.,.,.,.,.,.,.,.,.,.,.,.,.
N 941,"Popálenina postihující obličej, hlavu a šíji",.,.,.,.,.,.,.,.,.,.,.,.,.,.,.,.,.,.,.,.,.,.,.
N 942,Popálenina postihující trup,.,.,.,.,.,.,.,.,.,.,.,.,.,.,.,.,.,.,.,.,.,.,.
N 943,"Popálenina postihující hrudní končetinu, vyjma zápěstí a ruku",.,.,.,.,.,.,.,.,.,.,.,.,.,.,.,.,.,.,.,.,.,.,.
N 944,Popálenina postihující zápěstí a ruku,.,.,.,.,.,.,.,.,.,.,.,.,.,.,.,.,.,.,.,.,.,.,.
N 945,Popálenina postihující pánevní končetinu,.,.,.,.,.,.,.,.,.,.,.,.,.,.,.,.,.,.,.,.,.,.,.
N 946,"Popálenina zasahující jak obličej, hlavu nebo šíji, tak i končetinu",.,.,.,.,.,.,.,.,.,.,.,.,.,.,.,.,.,.,.,.,.,.,.
N 947,Popálenina zasahující trup a končetinu,.,.,.,.,.,.,.,.,.,.,.,.,.,.,.,.,.,.,.,.,.,.,.
N 948,"Popálenina zasahující jak obličej, hlavu nebo šíji, tak i trup a končetiny",.,.,.,.,.,.,.,.,.,.,.,.,.,.,.,.,.,.,.,.,.,.,.
N 949,Popálenina zasahující jiné nebo neurčené části těla,.,.,.,.,.,.,.,.,.,.,.,.,.,.,.,.,.,.,.,.,.,.,.
,,,,,,,,,,,,,,,,,,,,,,,,
,Poranění nervů a míchy bez poranění kostí,.,-,-,-,-,-,-,-,-,-,-,-,-,-,-,-,-,-,-,-,-,-,-
N 950,Poranění nervu očního,.,.,.,.,.,.,.,.,.,.,.,.,.,.,.,.,.,.,.,.,.,.,.
N 951,Poranění jiných mozkových nervů,.,.,.,.,.,.,.,.,.,.,.,.,.,.,.,.,.,.,.,.,.,.,.
N 952,Poranění nervu (nervů) ramene,.,.,.,.,.,.,.,.,.,.,.,.,.,.,.,.,.,.,.,.,.,.,.
N 953,Poranění nervu (nervů) předloktí,.,.,.,.,.,.,.,.,.,.,.,.,.,.,.,.,.,.,.,.,.,.,.
N 954,Poranění nervu (nervů) zápěstí a ruky,.,.,.,.,.,.,.,.,.,.,.,.,.,.,.,.,.,.,.,.,.,.,.
N 955,Poranění nervu (nervů) stehna,.,.,.,.,.,.,.,.,.,.,.,.,.,.,.,.,.,.,.,.,.,.,.
N 956,Poranění nervu (nervů) holeně a lýtka,.,.,.,.,.,.,.,.,.,.,.,.,.,.,.,.,.,.,.,.,.,.,.
N 957,Poranění nervu (nervů) kotníku a nohy,.,.,.,.,.,.,.,.,.,.,.,.,.,.,.,.,.,.,.,.,.,.,.
N 958,Poranění míchy bez známek poranění páteře,.,.,.,.,.,.,.,.,.,.,.,.,.,.,.,.,.,.,.,.,.,.,.
N 959,Poranění jiných nervů a poranění nervů na několika místech,.,.,.,.,.,.,.,.,.,.,.,.,.,.,.,.,.,.,.,.,.,.,.
,,,,,,,,,,,,,,,,,,,,,,,,
,Účinky jedovatých látek,591,4,2,1,-,1,4,10,44,42,29,20,24,30,31,32,37,33,46,60,72,46,23
N 960,Otrava závadnými (škodlivými) potravinami,.,.,.,.,.,.,.,.,.,.,.,.,.,.,.,.,.,.,.,.,.,.,.
N 961,Otrava alkoholem,.,.,.,.,.,.,.,.,.,.,.,.,.,.,.,.,.,.,.,.,.,.,.
N 962,Otrava naftovými produkty,.,.,.,.,.,.,.,.,.,.,.,.,.,.,.,.,.,.,.,.,.,.,.
N 963,Otrava průmyslovými rozpustidly,.,.,.,.,.,.,.,.,.,.,.,.,.,.,.,.,.,.,.,.,.,.,.
N 964,"Otrava leptavými aromatickými látkami, kyselinami a žíravinami",.,.,.,.,.,.,.,.,.,.,.,.,.,.,.,.,.,.,.,.,.,.,.
N 965,Otrava rtutí a jejími sloučeninami,.,.,.,.,.,.,.,.,.,.,.,.,.,.,.,.,.,.,.,.,.,.,.
N 966,Otrava olovem ajeho sloučeninami,.,.,.,.,.,.,.,.,.,.,.,.,.,.,.,.,.,.,.,.,.,.,.
N 967,Otrava arsenem a antimonem a jejich sloučeninami,.,.,.,.,.,.,.,.,.,.,.,.,.,.,.,.,.,.,.,.,.,.,.
N 968,Otrava kysličníkem uhelnatým,.,.,.,.,.,.,.,.,.,.,.,.,.,.,.,.,.,.,.,.,.,.,.
N 969,Otrava jinými plyny a parami,.,.,.,.,.,.,.,.,.,.,.,.,.,.,.,.,.,.,.,.,.,.,.
N 970,Otrava morfiem a jinými deriváty opia,.,.,.,.,.,.,.,.,.,.,.,.,.,.,.,.,.,.,.,.,.,.,.
N 971,Otrava kyselinou barbiturovoua jejími deriváty,.,.,.,.,.,.,.,.,.,.,.,.,.,.,.,.,.,.,.,.,.,.,.
N 972,Otrava aspirinem a salicyláty,.,.,.,.,.,.,.,.,.,.,.,.,.,.,.,.,.,.,.,.,.,.,.
N 973,Otrava bromidy,.,.,.,.,.,.,.,.,.,.,.,.,.,.,.,.,.,.,.,.,.,.,.
N 974,Otrava jinými analgetiky a prostředky uspávacími,.,.,.,.,.,.,.,.,.,.,.,.,.,.,.,.,.,.,.,.,.,.,.
N 975,Otrava sulfonamidy,.,.,.,.,.,.,.,.,.,.,.,.,.,.,.,.,.,.,.,.,.,.,.
N 976,Otrava strychninem,.,.,.,.,.,.,.,.,.,.,.,.,.,.,.,.,.,.,.,.,.,.,.
N 977,"Otrava belladonou, skopolaminem a atropinem",.,.,.,.,.,.,.,.,.,.,.,.,.,.,.,.,.,.,.,.,.,.,.
N 978,Otrava jedovatými živočichy,.,.,.,.,.,.,.,.,.,.,.,.,.,.,.,.,.,.,.,.,.,.,.
N 979,Otrava jinými nebo neurčenými látkami,.,.,.,.,.,.,.,.,.,.,.,.,.,.,.,.,.,.,.,.,.,.,.
,,,,,,,,,,,,,,,,,,,,,,,,
,Vlivy prostředí a sdružené stavy,12,-,-,-,-,-,-,-,2,-,-,-,-,-,1,1,2,1,-,2,1,-,2
N 981,Vliv horka a opálení sluncem,.,.,.,.,.,.,.,.,.,.,.,.,.,.,.,.,.,.,.,.,.,.,.
N 982,Vliv velikých výšek,.,.,.,.,.,.,.,.,.,.,.,.,.,.,.,.,.,.,.,.,.,.,.
N 983,Kessonová nemoc,.,.,.,.,.,.,.,.,.,.,.,.,.,.,.,.,.,.,.,.,.,.,.
N 984,Následek blesku,.,.,.,.,.,.,.,.,.,.,.,.,.,.,.,.,.,.,.,.,.,.,.
N 985,Následek hladu,.,.,.,.,.,.,.,.,.,.,.,.,.,.,.,.,.,.,.,.,.,.,.
N 986,Následek žízně,.,.,.,.,.,.,.,.,.,.,.,.,.,.,.,.,.,.,.,.,.,.,.
N 987,Následek vnějších vlivů jinam nezařazených,.,.,.,.,.,.,.,.,.,.,.,.,.,.,.,.,.,.,.,.,.,.,.
N 988,Následek nadměrné nadváhy,.,.,.,.,.,.,.,.,.,.,.,.,.,.,.,.,.,.,.,.,.,.,.
N 989,Letecká nemoc (nemoc z pohybu),.,.,.,.,.,.,.,.,.,.,.,.,.,.,.,.,.,.,.,.,.,.,.
,,,,,,,,,,,,,,,,,,,,,,,,
,Jiné nebo neurčené úrazy a reakce,491,13,6,9,4,-,7,12,14,8,15,14,21,27,15,49,43,55,58,45,40,23,13
N 990,Tonutí a utonutí,146,2,4,6,4,-,4,7,9,2,2,6,5,6,-,5,10,14,17,14,19,8,2
N 991,Dušení a udušení,324,10,1,1,-,-,1,3,3,5,12,8,14,19,14,42,33,41,40,30,21,15,11
N 992,Usmrcení elektrickým proudem a účin elektrického proudu,16,-,1,1,-,-,1,2,2,1,1,-,2,1,1,2,-,-,1,-,-,-,-
N 993,"Úraz vzniklý zářením, vyjma sluneční",-,-,-,-,-,-,-,-,-,-,-,-,-,-,-,-,-,-,-,-,-,-,-
N 994,Jiné celkové účinky vnějších příčin,-,-,-,-,-,-,-,-,-,-,-,-,-,-,-,-,-,-,-,-,-,-,-
N 995,Určitá časná komplikace poranění,1,-,-,-,-,-,1,-,-,-,-,-,-,-,-,-,-,-,-,-,-,-,-
N 996,Úraz jiného nebo neurčeného druhu,2,-,-,-,-,-,-,-,-,-,-,-,-,1,-,-,-,-,-,1,-,-,-
N 997,Reakce nebo komplikace po neléčebných lékařských zákrocích,1,1,-,-,-,-,-,-,-,-,-,-,-,-,-,-,-,-,-,-,-,-,-
N 998,"Škodlivá reakce na injekce, infuse a transfuse při léčení",1,-,-,1,-,-,-,-,-,-,-,-,-,-,-,-,-,-,-,-,-,-,-
N 999,Škodlivá reakce při jiných léčebných zákrocích,-,-,-,-,-,-,-,-,-,-,-,-,-,-,-,-,-,-,-,-,-,-,-