1999,Zemřelí muži podle podrobného seznamu příčin smrti a věku - úrazy a otravy podle vnější příčiny,,,,,,,,,,,,,,,,,,,,,,,
MKN (1993),Název,Celkem,0,1,2,3,4,5-9,10-14,15-19,20-24,25-29,30-34,35-39,40-44,45-49,50-54,55-59,60-64,65-69,70-74,75-79,80-84,85 +
,,,,,,,,,,,,,,,,,,,,,,,,
VN,Vnější příčiny poranění a otrav,4559,9,11,3,3,3,33,46,212,379,303,288,278,371,461,434,320,241,198,255,284,159,268
,,,,,,,,,,,,,,,,,,,,,,,,
DN,Dopravní nehody,1188,-,1,1,1,2,12,15,99,163,126,97,93,96,101,92,68,63,33,53,40,16,16
,,,,,,,,,,,,,,,,,,,,,,,,
,Chodec zraněný při dopravní nehodě     V01-V09,271,-,1,-,-,1,6,1,7,12,22,15,30,24,33,18,20,22,12,16,15,6,10
V01,Chodec zraněný při srážce s jízdním kolem,4,-,-,-,-,-,-,-,-,-,-,1,-,-,-,-,-,-,1,1,-,-,1
V02,Chodec zraněný při srážce s 2 nebo 3 kolovým motorovým vozidlem,-,-,-,-,-,-,-,-,-,-,-,-,-,-,-,-,-,-,-,-,-,-,-
V03,"Chodec zraněný při srážce s automobilem osobním, dodávkovým nebo lehkým nákladním",153,-,-,-,-,-,4,1,4,1,9,7,13,13,19,13,12,13,11,12,11,4,6
V04,Chodec zraněný při srážce s těžkým nákladním vozidlem nebo autobusem,17,-,-,-,-,1,2,-,-,1,2,1,5,2,1,-,1,-,-,-,-,-,1
V05,Chodec zraněný při srážce s železničním vlakem nebo s železničním vozidlem,83,-,-,-,-,-,-,-,3,10,10,6,11,9,10,3,5,7,-,2,4,1,2
V06,Chodec zraněný při srážce s jiným nemotorovým vozidlem,1,-,-,-,-,-,-,-,-,-,-,-,-,-,-,-,-,-,-,-,-,1,-
V09,Chodec zraněný při jiných a neurčených dopravních nehodách,13,-,1,-,-,-,-,-,-,-,1,-,1,-,3,2,2,2,-,1,-,-,-
,,,,,,,,,,,,,,,,,,,,,,,,
,Cyklista zraněný při dopravní nehodě     V10-V19,110,-,-,-,-,-,-,1,7,9,7,5,5,10,9,16,4,10,8,10,6,1,2
V10,Cyklista zraněný při srážce s chodcem nebo zvířetem,1,-,-,-,-,-,-,-,-,1,-,-,-,-,-,-,-,-,-,-,-,-,-
V11,Cyklista zraněný při srážce s jiným jízdním kolem,-,-,-,-,-,-,-,-,-,-,-,-,-,-,-,-,-,-,-,-,-,-,-
V12,Cyklista zraněný při srážce s 2 nebo 3 kolovým motorovým vozidlem,2,-,-,-,-,-,-,-,-,1,-,-,-,-,-,-,-,-,-,1,-,-,-
V13,"Cyklista zraněný při srážce s automobilem osobním,dodávkovým  nebo lehkým nákladním",64,-,-,-,-,-,-,-,4,4,3,5,2,6,7,8,1,7,6,4,4,1,2
V14,Cyklista zraněný při srážce s těžkým nákladním vozidlem nebo autobusem,3,-,-,-,-,-,-,-,2,-,-,-,-,1,-,-,-,-,-,-,-,-,-
V15,Cyklista zraněný při srážce s železničním vlakem nebo železničním vozidlem,1,-,-,-,-,-,-,-,-,-,-,-,-,-,-,-,-,-,-,1,-,-,-
V16,Cyklista zraněný při srážce s jiným nemotorovým vozidlem,-,-,-,-,-,-,-,-,-,-,-,-,-,-,-,-,-,-,-,-,-,-,-
V17,Cyklista zraněný při srážce s pevnou překážkou [s připevněným nebo stojícím předmětem],5,-,-,-,-,-,-,-,-,-,-,-,-,-,2,2,-,1,-,-,-,-,-
V18,Cyklista zraněný při dopravní nehodě bez srážky,21,-,-,-,-,-,-,-,-,2,3,-,1,2,-,2,3,2,2,3,1,-,-
V19,Cyklista zraněný při jiným a neurčených dopravních nehodách,13,-,-,-,-,-,-,1,1,1,1,-,2,1,-,4,-,-,-,1,1,-,-
,,,,,,,,,,,,,,,,,,,,,,,,
,Jezdec na motocyklu zraněný při dopravní nehodě    V20-V29,65,-,-,-,-,-,-,3,20,15,12,2,1,2,1,2,1,-,1,2,2,-,1
V20,Jezdec na motocyklu zraněný při srážce s chodcem nebo zvířetem,2,-,-,-,-,-,-,-,1,-,-,-,-,1,-,-,-,-,-,-,-,-,-
V21,Jezdec na motocyklu zraněný při srážce s jízdním kolem,-,-,-,-,-,-,-,-,-,-,-,-,-,-,-,-,-,-,-,-,-,-,-
V22,Jezdec na motocyklu zraněný při srážce s 2 nebo 3 kolovým motorovým vozidlem,3,-,-,-,-,-,-,1,-,1,1,-,-,-,-,-,-,-,-,-,-,-,-
V23,"Jezdec na motocyklu zraněný při srážce s automobilem osobním, dodávkovým nebo lehkým nákladním",23,-,-,-,-,-,-,2,4,5,4,-,-,1,1,2,-,-,1,2,1,-,-
V24,Jezdec na motocyklu zraněný při srážce s těžkým nákladním vozidlem nebo autobusem,6,-,-,-,-,-,-,-,-,2,1,-,1,-,-,-,-,-,-,-,1,-,1
V25,Jezdec na motocyklu zraněný při srážce s železničním vlakem nebo  železničním vozidlem,4,-,-,-,-,-,-,-,4,-,-,-,-,-,-,-,-,-,-,-,-,-,-
V26,Jezdec na motocyklu zraněný při srážce s jiným nemotorovým vozidlem,-,-,-,-,-,-,-,-,-,-,-,-,-,-,-,-,-,-,-,-,-,-,-
V27,Jezdec na motocyklu zraněný při srážce s pevnou překážkou [s připevněným nebo stojícím předmětem],12,-,-,-,-,-,-,-,6,5,1,-,-,-,-,-,-,-,-,-,-,-,-
V28,Jezdec na motocyklu zraněný při dopravní nehodě bez srážky,1,-,-,-,-,-,-,-,1,-,-,-,-,-,-,-,-,-,-,-,-,-,-
V29,Jezdec na motocyklu zraněný při jiných a neurčených dopravních nehodách,14,-,-,-,-,-,-,-,4,2,5,2,-,-,-,-,1,-,-,-,-,-,-
,,,,,,,,,,,,,,,,,,,,,,,,
,Člen osádky tříkolového motorového vozidla zraněný při dopravní nehodě     V30-V39,6,-,-,-,-,-,1,-,-,-,-,-,-,1,1,-,-,-,-,-,3,-,-
V30,Člen osádky tříkolového motorového vozidla zraněný při srážce s chodcem nebo zvířetem,-,-,-,-,-,-,-,-,-,-,-,-,-,-,-,-,-,-,-,-,-,-,-
V31,Člen osádky tříkolového motorového vozidla zraněný při srážce s jízdním kolem,-,-,-,-,-,-,-,-,-,-,-,-,-,-,-,-,-,-,-,-,-,-,-
V32,Člen osádky tříkolového motorového vozidla zraněný při srážce s jiným 2 nebo 3 kolovým motorovým vozidlem,-,-,-,-,-,-,-,-,-,-,-,-,-,-,-,-,-,-,-,-,-,-,-
V33,"Člen osádky tříkolového motorového vozidla zraněný při srážce s automobilem osobním, dodávkovým  nebo lehkým nákladním",-,-,-,-,-,-,-,-,-,-,-,-,-,-,-,-,-,-,-,-,-,-,-
V34,Člen osádky tříkolového motorového vozidla zraněný při srážce s těžkým nákladním vozidlem nebo autobusem,5,-,-,-,-,-,1,-,-,-,-,-,-,1,1,-,-,-,-,-,2,-,-
V35,Člen osádky tříkolového motorového vozidla zraněný při srážce s železničním vlakem nebo železničním vozidlem,-,-,-,-,-,-,-,-,-,-,-,-,-,-,-,-,-,-,-,-,-,-,-
V36,Člen osádky tříkolového motorového vozidla zraněný při srážce s jiným nemotorovým vozidlem,-,-,-,-,-,-,-,-,-,-,-,-,-,-,-,-,-,-,-,-,-,-,-
V37,Člen osádky tříkolového motorového vozidla zraněný při srážce s pevnou překážkou [s připevněným nebo stojícím předmětem],-,-,-,-,-,-,-,-,-,-,-,-,-,-,-,-,-,-,-,-,-,-,-
V38,Člen osádky tříkolového motorového vozidla zraněný při dopravní nehodě bez srážky,1,-,-,-,-,-,-,-,-,-,-,-,-,-,-,-,-,-,-,-,1,-,-
V39,Člen osádky tříkolového motorového vozidla zraněný při jiných a neurčených dopravních nehodách,-,-,-,-,-,-,-,-,-,-,-,-,-,-,-,-,-,-,-,-,-,-,-
,,,,,,,,,,,,,,,,,,,,,,,,
,Člen osádky osobního automobilu zraněný při dopravní nehodě     V40-V49,224,-,-,1,-,1,2,4,27,43,27,20,18,19,14,14,13,10,3,5,1,2,-
V40,Člen osádky osobního automobilu zraněný při srážce chodcem nebo zvířetem,9,-,-,-,-,-,1,-,-,1,-,1,1,-,2,1,-,1,-,-,1,-,-
V41,Člen osádky osobního automobilu zraněný při srážce s jízdním kolem,-,-,-,-,-,-,-,-,-,-,-,-,-,-,-,-,-,-,-,-,-,-,-
V42,Člen osádky osobního automobilu zraněný při srážce s dvou nebo tříkolovým motorovým vozidlem,1,-,-,-,-,-,-,-,-,-,-,-,-,-,-,-,-,1,-,-,-,-,-
V43,"Člen osádky osobního automobilu zraněný při srážce s automobilem osobním, dodávkovým nebo lehkým nákladním",67,-,-,1,-,-,1,1,4,10,8,8,4,8,3,9,3,4,2,1,-,-,-
V44,Člen osádky osobního automobilu zraněný při srážce s těžkým nákladním vozidlem nebo autobusem,26,-,-,-,-,-,-,1,2,5,4,2,1,3,3,3,2,-,-,-,-,-,-
V45,Člen osádky osobního automobilu zraněný při srážce s železničním vlakem nebo železničním vozidlem,6,-,-,-,-,-,-,-,1,1,-,-,-,1,1,-,2,-,-,-,-,-,-
V46,Člen osádky osobního automobilu zraněný při srážce s jiným nemotorovým vozidlem,-,-,-,-,-,-,-,-,-,-,-,-,-,-,-,-,-,-,-,-,-,-,-
V47,Člen osádky osobního automobilu zraněný při srážce s pevnou překážkou [s připevněným nebo stojícím předmětem],71,-,-,-,-,1,-,1,13,19,14,4,6,5,3,-,1,2,-,1,-,1,-
V48,Člen osádky osobního automobilu zraněný při dopravní nehodě bez srážky,17,-,-,-,-,-,-,-,3,3,-,2,2,2,1,-,2,1,1,-,-,-,-
V49,Člen osádky osobního automobilu zraněný při jiných a neurčených dopravních nehodách,27,-,-,-,-,-,-,1,4,4,1,3,4,-,1,1,3,1,-,3,-,1,-
,,,,,,,,,,,,,,,,,,,,,,,,
,Člen osádky dodávkového nebo lehkého nákladního automobilu zraněný při dopravní nehodě     V50-V59,10,-,-,-,-,-,-,-,-,1,3,1,1,1,-,1,2,-,-,-,-,-,-
V50,Člen osádky dodávkového nebo lehkého nákladního automobilu zraněný při srážce s chodcem nebo zvířetem,1,-,-,-,-,-,-,-,-,-,1,-,-,-,-,-,-,-,-,-,-,-,-
V51,Člen osádky dodávkového nebo lehkého nákladního automobilu zraněný při srážce s jízdním kolem,-,-,-,-,-,-,-,-,-,-,-,-,-,-,-,-,-,-,-,-,-,-,-
V52,Člen osádky dodávkového nebo lehkého nákladního automobilu zraněný při srážce s dvou nebo tříkolovým motorovým vozidlem,-,-,-,-,-,-,-,-,-,-,-,-,-,-,-,-,-,-,-,-,-,-,-
V53,"Člen osádky dodávkového nebo lehkého nákladního automobilu zraněný při srážce s automobilem osobním, dodávkovým či lehkým nákladním",3,-,-,-,-,-,-,-,-,-,-,-,1,1,-,1,-,-,-,-,-,-,-
V54,Člen osádky dodávkového či lehkého nákladního automobilu zraněný při srážce s těžkým nákladním vozidlem nebo autobusem,4,-,-,-,-,-,-,-,-,1,1,1,-,-,-,-,1,-,-,-,-,-,-
V55,Člen osádky dodávkového nebo lehkého nákladního automobilu zraněný při srážce s železničním vlakem nebo železničním vozidlem,-,-,-,-,-,-,-,-,-,-,-,-,-,-,-,-,-,-,-,-,-,-,-
V56,Člen osádky dodávkového nebo lehkého nákladního automobilu zraněný při srážce s jiným nemotorovým vozidlem,-,-,-,-,-,-,-,-,-,-,-,-,-,-,-,-,-,-,-,-,-,-,-
V57,Člen osádky dodávkového nebo lehkého nákladního automobilu zraněný při srážce s pevnou překážkou,2,-,-,-,-,-,-,-,-,-,1,-,-,-,-,-,1,-,-,-,-,-,-
V58,Člen osádky dodávkového nebo lehkého nákladního automobilu zraněný při dopravní nehodě bez srážky,-,-,-,-,-,-,-,-,-,-,-,-,-,-,-,-,-,-,-,-,-,-,-
V59,Člen osádky dodávkového nebo lehkého nákladního automobilu zraněný při jiných a neurčených dopravních nehodách,-,-,-,-,-,-,-,-,-,-,-,-,-,-,-,-,-,-,-,-,-,-,-
,,,,,,,,,,,,,,,,,,,,,,,,
,Člen osádky těžkého nákladního vozidla zraněný při dopravní nehodě     V60-V69,10,-,-,-,-,-,-,-,-,-,1,2,2,2,1,2,-,-,-,-,-,-,-
V60,Člen osádky těžkého nákladního vozidla zraněný při srážce s chodcem nebo zvířetem,1,-,-,-,-,-,-,-,-,-,-,-,1,-,-,-,-,-,-,-,-,-,-
V61,Člen osádky těžkého nákladního vozidla zraněný při srážce s jizdním kolem,-,-,-,-,-,-,-,-,-,-,-,-,-,-,-,-,-,-,-,-,-,-,-
V62,Člen osádky těžkého nákladního vozidla zraněný při srážce s dvou nebo tříkolovým motorovým vozidlem,-,-,-,-,-,-,-,-,-,-,-,-,-,-,-,-,-,-,-,-,-,-,-
V63,"Člen osádky těžkého nákladního vozidla zraněný při srážce s automobilem osobním, dodávkovým nebo lehkým nákladním",1,-,-,-,-,-,-,-,-,-,1,-,-,-,-,-,-,-,-,-,-,-,-
V64,Člen osádky těžkého nákladního vozidla zraněný při srážce s těžkým nákladní vozidlem nebo autobusem,4,-,-,-,-,-,-,-,-,-,-,-,1,1,1,1,-,-,-,-,-,-,-
V65,Člen osádky těžkého nákladního vozidla zraněný při srážce s železničním vlakem nebo železničním vozidlem,-,-,-,-,-,-,-,-,-,-,-,-,-,-,-,-,-,-,-,-,-,-,-
V66,Člen osádky těžkého nákladního vozidla zraněný při srážce s jiným nemotorovým vozidlem,-,-,-,-,-,-,-,-,-,-,-,-,-,-,-,-,-,-,-,-,-,-,-
V67,Člen osádky těžkého nákladního vozidla zraněný při srážce s pevnou překážkou [s připevněným nebo stojícím předmětem],2,-,-,-,-,-,-,-,-,-,-,1,-,1,-,-,-,-,-,-,-,-,-
V68,Člen osádky těžkého nákladního vozidla zraněný při dopravní nehodě bez srážky,1,-,-,-,-,-,-,-,-,-,-,-,-,-,-,1,-,-,-,-,-,-,-
V69,Člen osádky těžkého nákladního vozidla zraněný při jiných a neurčených dopravních nehodách,1,-,-,-,-,-,-,-,-,-,-,1,-,-,-,-,-,-,-,-,-,-,-
,,,,,,,,,,,,,,,,,,,,,,,,
,Člen osádky autobusu zraněný při dopravní nehodě     V70-V79,7,-,-,-,-,-,-,1,-,1,-,-,1,1,1,-,-,1,-,-,1,-,-
V70,Člen osádky autobusu zraněný při srážce s chodcem nebo zvířetem,1,-,-,-,-,-,-,-,-,-,-,-,-,-,-,-,-,1,-,-,-,-,-
V71,Člen osádky autobusu zraněný při srážce s jízdním kolem,-,-,-,-,-,-,-,-,-,-,-,-,-,-,-,-,-,-,-,-,-,-,-
V72,Člen osádky autobusu zraněný při srážce s dvou nebo tříkolovým motorovým vozidlem,-,-,-,-,-,-,-,-,-,-,-,-,-,-,-,-,-,-,-,-,-,-,-
V73,"Člen osádky autobusu zraněný při srážce s automobilem osobním, dodávkovým nebo lehkým nákladním",-,-,-,-,-,-,-,-,-,-,-,-,-,-,-,-,-,-,-,-,-,-,-
V74,Člen osádky autobusu zraněný při srážce s těžkým nákladním vozidlem nabo autobusem,4,-,-,-,-,-,-,1,-,1,-,-,-,1,1,-,-,-,-,-,-,-,-
V75,Člen osádky autobusu zraněný při srážce s železničním vlakem nebo železničním vozidlem,-,-,-,-,-,-,-,-,-,-,-,-,-,-,-,-,-,-,-,-,-,-,-
V76,Člen osádky autobusu zraněný při srážce s jiným nemotorovým vozidlem,-,-,-,-,-,-,-,-,-,-,-,-,-,-,-,-,-,-,-,-,-,-,-
V77,Člen osádky autobusu zraněný při srážce s pevnou překážkou [s připevněným nebo stojícím předmětem],-,-,-,-,-,-,-,-,-,-,-,-,-,-,-,-,-,-,-,-,-,-,-
V78,Člen osádky autobusu zraněný při dopravní nehodě bez srážky,2,-,-,-,-,-,-,-,-,-,-,-,1,-,-,-,-,-,-,-,1,-,-
V79,Člen osádky autobusu zraněný při jiných a neurčených dopravních nehodách,-,-,-,-,-,-,-,-,-,-,-,-,-,-,-,-,-,-,-,-,-,-,-
,,,,,,,,,,,,,,,,,,,,,,,,
,Jiné nehody při pozemní dopravě     V80 - V89,474,-,-,-,1,-,3,5,38,82,52,52,35,36,38,37,26,18,9,20,12,7,3
V80,Jezdec na zvířeti nebo člen osádky vozidla taženého zvířetem zraněný při dopravní nehodě,1,-,-,-,-,-,-,-,1,-,-,-,-,-,-,-,-,-,-,-,-,-,-
V81,Člen osádky železničního vlaku nebo železničního vozidla zraněný při dopravní nehodě,3,-,-,-,-,-,-,-,1,-,-,1,-,-,1,-,-,-,-,-,-,-,-
V82,Člen osádky vozu pouliční dráhy zraněný při dopravní nehodě,-,-,-,-,-,-,-,-,-,-,-,-,-,-,-,-,-,-,-,-,-,-,-
V83,Člen osádky zvláštního vozidla určeného zejména pro průmyslové prostory zraněný při dopravní nehodě,3,-,-,-,-,-,-,-,-,-,-,-,-,-,-,-,2,-,-,1,-,-,-
V84,Člen osádky zvláštního vozidla určeného především pro zemědělství zraněný při dopravní nehodě,7,-,-,-,-,-,-,1,-,-,-,-,-,1,2,1,1,1,-,-,-,-,-
V85,Člen osádky zvláštního stavebního vozidla zraněný při dopravní nehodě,1,-,-,-,-,-,-,-,-,-,1,-,-,-,-,-,-,-,-,-,-,-,-
V86,"Člen osádky terénního či jiného motorového vozidla určeného hlavně pro mimosilniční provoz, zraněný při dopravní nehodě",-,-,-,-,-,-,-,-,-,-,-,-,-,-,-,-,-,-,-,-,-,-,-
V87,"Provozní [silniční] nehoda určeného typu, ale s neznámým způsobem dopravy oběti",3,-,-,-,-,-,-,-,-,-,2,-,-,-,-,1,-,-,-,-,-,-,-
V88,"Neprovozní [mimosilniční] nehoda určeného typu, ale s neznámým způsobem dopravy oběti",-,-,-,-,-,-,-,-,-,-,-,-,-,-,-,-,-,-,-,-,-,-,-
V89,"Nehoda motorového nebo nemotorového vozidla, typ vozidla neurčen",456,-,-,-,1,-,3,4,36,82,49,51,35,35,35,35,23,17,9,19,12,7,3
,,,,,,,,,,,,,,,,,,,,,,,,
,Nehody při vodní dopravě     V90 - V94,-,-,-,-,-,-,-,-,-,-,-,-,-,-,-,-,-,-,-,-,-,-,-
V90,Nehoda plavidla jako příčina [u]tonutí a potopení,-,-,-,-,-,-,-,-,-,-,-,-,-,-,-,-,-,-,-,-,-,-,-
V91,Nehoda plavidla jako příčina jiného poranění,-,-,-,-,-,-,-,-,-,-,-,-,-,-,-,-,-,-,-,-,-,-,-
V92,"(U)tonutí a potopení v souvislosti s vodní dopravou, bez nehody plavidla",-,-,-,-,-,-,-,-,-,-,-,-,-,-,-,-,-,-,-,-,-,-,-
V93,"Nehoda na palubě plavidla bez nehody plavidla, která není příčinou [u]tonutí a potopení",-,-,-,-,-,-,-,-,-,-,-,-,-,-,-,-,-,-,-,-,-,-,-
V94,Jiné a neurčené nehody při vodní dopravě,-,-,-,-,-,-,-,-,-,-,-,-,-,-,-,-,-,-,-,-,-,-,-
,,-,-,-,-,-,-,-,-,-,-,-,-,-,-,-,-,-,-,-,-,-,-,-
,Nehody při dopravě vzduchem a vesmírným prostorem      V95 - V97,10,-,-,-,-,-,-,-,-,-,1,-,-,-,3,2,2,2,-,-,-,-,-
V95,Nehoda letounu s pohonem jako příčina zranění člena osádky,8,-,-,-,-,-,-,-,-,-,1,-,-,-,2,1,2,2,-,-,-,-,-
V96,Nehoda letounu bez pohonu jako příčina zranění člena osádky,2,-,-,-,-,-,-,-,-,-,-,-,-,-,1,1,-,-,-,-,-,-,-
V97,Jiné určené nehody při dopravě vzduchem,-,-,-,-,-,-,-,-,-,-,-,-,-,-,-,-,-,-,-,-,-,-,-
,,,,,,,,,,,,,,,,,,,,,,,,
,Jiné a neurčené dopravní nehody     V98 - V99,1,-,-,-,-,-,-,-,-,-,1,-,-,-,-,-,-,-,-,-,-,-,-
V98,Jiné určené dopravní nehody,1,-,-,-,-,-,-,-,-,-,1,-,-,-,-,-,-,-,-,-,-,-,-
V99,Neurčená dopravní nehoda,-,-,-,-,-,-,-,-,-,-,-,-,-,-,-,-,-,-,-,-,-,-,-
,,,,,,,,,,,,,,,,,,,,,,,,
,Jiné vnější příčiny náhodných poranění     W00 - X59,1779,6,9,2,2,1,18,25,55,86,71,70,75,131,168,158,144,94,93,109,158,95,209
,,,,,,,,,,,,,,,,,,,,,,,,
,Pády       W00 - W19,739,1,3,-,-,-,2,1,14,21,10,7,12,27,46,47,38,35,51,63,104,78,179
W00,Pád na rovině na ledu a sněhu,-,-,-,-,-,-,-,-,-,-,-,-,-,-,-,-,-,-,-,-,-,-,-
W01,"Pád na rovině následkem uklouznutí, zakopnutí nebo klopýtnutí",216,-,-,-,-,-,-,-,-,1,-,1,-,2,5,4,3,8,8,29,37,35,83
W02,"Pád na ledních bruslích, lyžích, kolečkových bruslích nebo skateboardech",1,-,-,-,-,-,-,-,1,-,-,-,-,-,-,-,-,-,-,-,-,-,-
W03,Jiné pády na rovině ze srážky s nebo strčení jinou osobou,2,-,-,-,-,-,-,-,-,-,-,-,-,1,-,-,-,-,1,-,-,-,-
W04,Pád při nesení nebo podpírání jinými osobami,-,-,-,-,-,-,-,-,-,-,-,-,-,-,-,-,-,-,-,-,-,-,-
W05,Pád s invalidního vozíku,-,-,-,-,-,-,-,-,-,-,-,-,-,-,-,-,-,-,-,-,-,-,-
W06,Pád s postele,1,-,-,-,-,-,-,-,-,-,-,-,-,-,1,-,-,-,-,-,-,-,-
W07,Pád se židle,-,-,-,-,-,-,-,-,-,-,-,-,-,-,-,-,-,-,-,-,-,-,-
W08,Pád s [týkající se] jiného nábytku,-,-,-,-,-,-,-,-,-,-,-,-,-,-,-,-,-,-,-,-,-,-,-
W09,Pád s [týkající se] vybavení hřiště,1,-,-,-,-,-,-,-,-,-,-,-,-,-,-,-,-,1,-,-,-,-,-
W10,Pád na schodech a stupních nebo s nich,40,-,-,-,-,-,-,-,-,2,-,-,3,2,4,8,2,4,3,3,4,1,4
W11,Pád na nebo se žebříku,12,-,-,-,-,-,-,-,1,-,1,-,1,3,-,-,1,2,2,-,-,1,-
W12,Pád na nebo s lešení,4,-,-,-,-,-,-,-,-,-,-,-,-,-,1,1,2,-,-,-,-,-,-
W13,Pád s(z)budovy nebo konstrukce nebo propadnutí,48,-,3,-,-,-,-,-,2,5,3,1,2,1,6,7,4,3,4,3,2,2,-
W14,Pád se stromu,7,-,-,-,-,-,1,-,-,-,-,1,-,-,-,1,-,1,2,-,1,-,-
W15,Pád se skály,3,-,-,-,-,-,-,-,-,1,-,-,-,1,1,-,-,-,-,-,-,-,-
W16,"Potopení se nebo skok do vody jako příčina jiného poranění, než je [u]tonutí nebo potopení",2,-,-,-,-,-,-,-,1,-,-,-,-,-,1,-,-,-,-,-,-,-,-
W17,Jiný pád z jedné úrovně na druhou,25,-,-,-,-,-,1,1,3,5,2,-,-,3,2,2,1,1,1,1,1,1,-
W18,Jiný pád na rovině,9,-,-,-,-,-,-,-,-,-,-,-,-,-,1,1,2,-,1,-,-,2,2
W19,Neurčený pád,368,1,-,-,-,-,-,-,6,7,4,4,6,14,24,23,23,15,29,27,59,36,90
,,,,,,,,,,,,,,,,,,,,,,,,
,Vystavení neživotným mechanickým silám        W20 - W49,69,-,2,-,-,-,2,2,2,9,7,8,2,8,7,5,8,2,-,1,2,1,1
W20,"Udeření hozeným, vrženým nebo padajícím předmětem",12,-,1,-,-,-,-,-,-,1,1,-,1,4,3,-,-,-,-,-,1,-,-
W21,Udeření sportovním nářadím [vybavením] nabo náraz na ně,-,-,-,-,-,-,-,-,-,-,-,-,-,-,-,-,-,-,-,-,-,-,-
W22,Udeření jinými předměty nebo náraz na ně,2,-,-,-,-,-,-,-,-,-,-,1,-,-,-,-,-,-,-,-,-,-,1
W23,"Zachycení, rozdrcení, zmáčknutí nebo uskřípnutí do předmětů nebo mezi ně",11,-,1,-,-,-,1,1,-,1,-,1,-,2,1,-,2,-,-,-,-,1,-
W24,"Kontakt se zařízeními na zvedání a přenos, nezařazenými jinde",7,-,-,-,-,-,-,-,-,-,2,2,-,-,1,1,1,-,-,-,-,-,-
W25,Kontakt s ostrým sklem,2,-,-,-,-,-,-,-,-,1,-,1,-,-,-,-,-,-,-,-,-,-,-
W26,"Kontakt s nožem, mečem nebo dýkou",2,-,-,-,-,-,-,-,-,1,-,-,-,1,-,-,-,-,-,-,-,-,-
W27,Kontakt s ručním nástrojem bez pohonu,-,-,-,-,-,-,-,-,-,-,-,-,-,-,-,-,-,-,-,-,-,-,-
W28,Kontakt se sekačkou trávy s pohonem,-,-,-,-,-,-,-,-,-,-,-,-,-,-,-,-,-,-,-,-,-,-,-
W29,Kontakt s jinými ručními nástroji na pohon a stroji v domácnosti,-,-,-,-,-,-,-,-,-,-,-,-,-,-,-,-,-,-,-,-,-,-,-
W30,Kontakt se zemědělskými stroji,2,-,-,-,-,-,1,-,1,-,-,-,-,-,-,-,-,-,-,-,-,-,-
W31,Kontakt s jiným  a neurčeným strojem,7,-,-,-,-,-,-,-,-,2,1,1,-,-,1,-,2,-,-,-,-,-,-
W32,"Výstřel z krátké jednoruční střelné zbraně, pistole, revolveru",10,-,-,-,-,-,-,1,-,2,2,1,-,-,1,3,-,-,-,-,-,-,-
W33,"Výstřel z pušky, brokovnice a větší ruční střelné zbraně",2,-,-,-,-,-,-,-,-,-,-,-,-,-,-,-,1,-,-,-,1,-,-
W34,Výstřel z jiných a neurčených střelných zbraní,5,-,-,-,-,-,-,-,-,-,1,1,-,-,-,-,1,1,-,1,-,-,-
W35,Výbuch a prasknutí kotle,-,-,-,-,-,-,-,-,-,-,-,-,-,-,-,-,-,-,-,-,-,-,-
W36,Výbuch a prasknutí tlakové nádoby na plyn,1,-,-,-,-,-,-,-,-,-,-,-,-,-,-,-,-,1,-,-,-,-,-
W37,"Výbuch a prasknutí stlačené pneumatiky, potrubí nebo hadice",-,-,-,-,-,-,-,-,-,-,-,-,-,-,-,-,-,-,-,-,-,-,-
W38,Výbuch a prasknutí jiných určených tlakových zařízení,1,-,-,-,-,-,-,-,-,1,-,-,-,-,-,-,-,-,-,-,-,-,-
W39,Výstřel ohňostroje,-,-,-,-,-,-,-,-,-,-,-,-,-,-,-,-,-,-,-,-,-,-,-
W40,Výbuch jiných látek,4,-,-,-,-,-,-,-,1,-,-,-,1,1,-,1,-,-,-,-,-,-,-
W41,Vystavení proudu pod vysokým tlakem,-,-,-,-,-,-,-,-,-,-,-,-,-,-,-,-,-,-,-,-,-,-,-
W42,Vystavení hluku,-,-,-,-,-,-,-,-,-,-,-,-,-,-,-,-,-,-,-,-,-,-,-
W43,Vystavení vibracím,-,-,-,-,-,-,-,-,-,-,-,-,-,-,-,-,-,-,-,-,-,-,-
W44,Cizí těleso vniklé do oka nebo okem nebo přirozeným otvorem,-,-,-,-,-,-,-,-,-,-,-,-,-,-,-,-,-,-,-,-,-,-,-
W45,Cizí těleso nebo předmět proniklý kůží,-,-,-,-,-,-,-,-,-,-,-,-,-,-,-,-,-,-,-,-,-,-,-
W49,Vystavení jiným a neurčeným neživotným mechanickým silám,1,-,-,-,-,-,-,-,-,-,-,-,-,-,-,-,1,-,-,-,-,-,-
,,,,,,,,,,,,,,,,,,,,,,,,
,Vystavení životným mechanickým silám       W50 - W64,5,-,-,-,-,-,-,-,-,-,-,-,-,1,-,-,2,-,-,-,2,-,-
W50,"Zasažení, úder, kopnutí, zkroucení, kousnutí nebo poškrábání jinou osobou",-,-,-,-,-,-,-,-,-,-,-,-,-,-,-,-,-,-,-,-,-,-,-
W51,Uhození se o jinou osobu nebo náraz do jiné osoby,-,-,-,-,-,-,-,-,-,-,-,-,-,-,-,-,-,-,-,-,-,-,-
W52,"Rozdrcení, umačkání nebo ušlapání davem při lidské panice",-,-,-,-,-,-,-,-,-,-,-,-,-,-,-,-,-,-,-,-,-,-,-
W53,Kousnutí krysou,-,-,-,-,-,-,-,-,-,-,-,-,-,-,-,-,-,-,-,-,-,-,-
W54,Kousnutí nebo úder psem,-,-,-,-,-,-,-,-,-,-,-,-,-,-,-,-,-,-,-,-,-,-,-
W55,Kousnutí nebo úder jinými savci,1,-,-,-,-,-,-,-,-,-,-,-,-,-,-,-,-,-,-,-,1,-,-
W56,Kontakt s mořským živočichem,-,-,-,-,-,-,-,-,-,-,-,-,-,-,-,-,-,-,-,-,-,-,-
W57,Kousnutí nebo štípnutí [budnutí] nejedovatým hmyzem a jinými nejedovatými členovci,2,-,-,-,-,-,-,-,-,-,-,-,-,1,-,-,1,-,-,-,-,-,-
W58,Kousnutí a úder krokodýlem nebo aligátorem,-,-,-,-,-,-,-,-,-,-,-,-,-,-,-,-,-,-,-,-,-,-,-
W59,Kousnutí nebo rozdrcení jiným plazy,-,-,-,-,-,-,-,-,-,-,-,-,-,-,-,-,-,-,-,-,-,-,-
W60,Kontakt s rostlinnými trny a ostny a ostrými listy,-,-,-,-,-,-,-,-,-,-,-,-,-,-,-,-,-,-,-,-,-,-,-
W64,Vystavení jiným a neurčeným životním mechanickým silám,2,-,-,-,-,-,-,-,-,-,-,-,-,-,-,-,1,-,-,-,1,-,-
,,,,,,,,,,,,,,,,,,,,,,,,
,Náhodné [u]tonutí a potopení       W65 - W74,170,-,-,1,1,-,11,12,8,9,8,14,7,15,16,17,17,8,10,6,4,1,5
W65,(U)tonutí a potopení při pobytu ve vaně,7,-,-,-,-,-,1,-,-,-,-,1,-,1,1,1,1,-,-,-,-,-,1
W66,(U)tonutí a potopení po pádu do vany,2,-,-,-,-,-,-,-,-,-,-,-,1,-,-,-,-,-,-,-,-,-,1
W67,(U)tonutí a potopení při pobytu v bazénu,3,-,-,-,-,-,-,1,-,-,-,-,-,1,-,-,1,-,-,-,-,-,-
W68,(U)tonutí a potopení po pádu do bazénu,-,-,-,-,-,-,-,-,-,-,-,-,-,-,-,-,-,-,-,-,-,-,-
W69,(U)tonutí a potopení při pobytu v přírodní vodě,21,-,-,-,-,-,1,4,-,1,1,1,2,1,3,1,1,1,1,2,1,-,-
W70,(U)tonutí a potopení při pádu do příodní vody,29,-,-,-,-,-,-,2,2,2,3,3,-,2,3,5,2,2,2,-,1,-,-
W73,Jiné určené (u)tonutí a potopení,8,-,-,1,-,-,-,-,-,-,2,1,-,1,2,-,-,-,1,-,-,-,-
W74,Neurčené (u)tonutí a potopení,100,-,-,-,1,-,9,5,6,6,2,8,4,9,7,10,12,5,6,4,2,1,3
,,,,,,,,,,,,,,,,,,,,,,,,
,Jiná náhodná ohrožení dýchání       W75 - W84,182,5,4,1,-,1,1,2,6,9,10,5,17,17,27,26,12,10,7,4,12,2,4
W75,Náhodné (za)dušení a (u)škrcení v posteli,-,-,-,-,-,-,-,-,-,-,-,-,-,-,-,-,-,-,-,-,-,-,-
W76,Jiné náhodné oběšení a (u)škrcení,2,1,-,-,-,-,-,-,-,-,-,-,-,-,1,-,-,-,-,-,-,-,-
W77,Ohrožení dýchání způsobené zavalením [zasypáním] pdající zeminou a jinými hmotami,16,-,-,-,-,-,-,1,1,2,1,1,3,1,1,1,2,1,-,-,-,-,1
W78,Vdechnutí žaludečního obsahu,137,4,3,-,-,1,1,1,4,7,6,4,14,13,22,21,10,6,4,3,8,2,3
W79,Vdechnutí nebo polknutí potravy jako příčina ucpání dýchacích cest,15,-,1,-,-,-,-,-,1,-,-,-,-,2,-,3,-,3,3,-,2,-,-
W80,Vdechnutí nebo polknutí jiných předmětů jako příčina ucpání dýchacích cest,3,-,-,1,-,-,-,-,-,-,-,-,-,1,-,-,-,-,-,-,1,-,-
W81,Uzavření nebo zachycení v prostředí s nízkým obsahem kyslíku,3,-,-,-,-,-,-,-,-,-,2,-,-,-,-,-,-,-,-,1,-,-,-
W83,Jiná určená ohrožení dýchání,1,-,-,-,-,-,-,-,-,-,-,-,-,-,-,1,-,-,-,-,-,-,-
W84,Neurčené ohrožení dýchání,5,-,-,-,-,-,-,-,-,-,1,-,-,-,3,-,-,-,-,-,1,-,-
,,,,,,,,,,,,,,,,,,,,,,,,
,"Vystavení elektrickému proudu, ozáření a extrémní okolní teplotě a tlaku vzduchu        W85 - W99",49,-,-,-,-,-,-,1,4,4,6,5,5,7,5,3,2,3,2,1,-,-,1
W85,Dotyk elektrického vedení,16,-,-,-,-,-,-,1,-,1,3,4,1,1,2,-,-,1,-,1,-,-,1
W86,Vystavení jinému určenému elektrickému proudu,6,-,-,-,-,-,-,-,1,-,1,-,1,1,-,1,-,1,-,-,-,-,-
W87,Vystavení neurčenému elektrickému proudu,26,-,-,-,-,-,-,-,3,3,2,-,3,5,3,2,2,1,2,-,-,-,-
W88,Vystavení ionizujícímu záření,-,-,-,-,-,-,-,-,-,-,-,-,-,-,-,-,-,-,-,-,-,-,-
W89,Vystavení uměle vytvořenému viditelnému a ultrafialovému světlu,1,-,-,-,-,-,-,-,-,-,-,1,-,-,-,-,-,-,-,-,-,-,-
W90,Vystavení jinému neionizujícímu záření,-,-,-,-,-,-,-,-,-,-,-,-,-,-,-,-,-,-,-,-,-,-,-
W91,Vystavení neurčenému typu záření,-,-,-,-,-,-,-,-,-,-,-,-,-,-,-,-,-,-,-,-,-,-,-
W92,Vystavení nadměrnému horku uměle vytvořenému,-,-,-,-,-,-,-,-,-,-,-,-,-,-,-,-,-,-,-,-,-,-,-
W93,Vystavení nadměrnému chladu uměle vytvořenému,-,-,-,-,-,-,-,-,-,-,-,-,-,-,-,-,-,-,-,-,-,-,-
W94,Vystavení vysokému a nízkému tlaku vzduchu a jeho změnám,-,-,-,-,-,-,-,-,-,-,-,-,-,-,-,-,-,-,-,-,-,-,-
W99,Vystavení jiným a neurčeným faktorům okolního prostředí vytvořeným uměle,-,-,-,-,-,-,-,-,-,-,-,-,-,-,-,-,-,-,-,-,-,-,-
,,,,,,,,,,,,,,,,,,,,,,,,
,"Vystavení kouři, ohni, dýmu a plamenům       X00 - X09",44,-,-,-,1,-,-,2,2,1,2,2,3,3,5,-,1,7,2,5,5,2,1
X00,Vystavení nekontrolovanému ohni [požáru] v budově nebo konstrukci,5,-,-,-,-,-,-,1,-,-,-,-,-,-,-,-,-,1,-,1,1,1,-
X01,Vystavení nekontrolovanému ohni [požáru] mimo budovy a konstrukce,1,-,-,-,-,-,-,-,-,-,-,-,-,1,-,-,-,-,-,-,-,-,-
X02,Vystavení kontrolovanému ohni v budovách a konstrukcích,-,-,-,-,-,-,-,-,-,-,-,-,-,-,-,-,-,-,-,-,-,-,-
X03,Vystavení kontrolovanému ohni mimo budovy a konstrukce,-,-,-,-,-,-,-,-,-,-,-,-,-,-,-,-,-,-,-,-,-,-,-
X04,Vystavení vznícení vysoce hořlavých hmot,-,-,-,-,-,-,-,-,-,-,-,-,-,-,-,-,-,-,-,-,-,-,-
X05,Vystavení vznícení nebo tavení nočního prádla,2,-,-,-,-,-,-,-,-,-,-,-,-,1,-,-,-,1,-,-,-,-,-
X06,Vystavení vznícení nebo tavení jiného šatstva a oděvů,1,-,-,-,-,-,-,-,-,-,-,1,-,-,-,-,-,-,-,-,-,-,-
X08,"Vystavení jinému určenému kouři, dýmu, ohni a plamenům",3,-,-,-,-,-,-,-,1,-,-,-,1,-,1,-,-,-,-,-,-,-,-
X09,"Vystavení neurčenému kouři, dýmu, ohni a plamenům",32,-,-,-,1,-,-,1,1,1,2,1,2,1,4,-,1,5,2,4,4,1,1
,,,,,,,,,,,,,,,,,,,,,,,,
,Kontakt s horkem a horkými látkami      X10 - X19,8,-,-,-,-,-,-,1,-,-,-,1,-,-,-,2,2,-,1,-,-,-,1
X10,"Kontakt s horkými nápoji, potravou, tukem a oleji na vaření",-,-,-,-,-,-,-,-,-,-,-,-,-,-,-,-,-,-,-,-,-,-,-
X11,Kontakt s horkou vodou z vodovodu,1,-,-,-,-,-,-,-,-,-,-,-,-,-,-,1,-,-,-,-,-,-,-
X12,Kontakt s jiným horkými tekutinami,1,-,-,-,-,-,-,-,-,-,-,-,-,-,-,1,-,-,-,-,-,-,-
X13,Kontakt s vodní párou a jinými horkými výpary,-,-,-,-,-,-,-,-,-,-,-,-,-,-,-,-,-,-,-,-,-,-,-
X14,Kontakt s horkým vzduchem a plyny,-,-,-,-,-,-,-,-,-,-,-,-,-,-,-,-,-,-,-,-,-,-,-
X15,Kontakt s horkými zařízeními v domácnosti,-,-,-,-,-,-,-,-,-,-,-,-,-,-,-,-,-,-,-,-,-,-,-
X16,"Kontakt s horkými topnými zařízeními, radiátory a rourami",-,-,-,-,-,-,-,-,-,-,-,-,-,-,-,-,-,-,-,-,-,-,-
X17,"Kontakt s horkými stroji, přístroji a nástroji",-,-,-,-,-,-,-,-,-,-,-,-,-,-,-,-,-,-,-,-,-,-,-
X18,Kontakt s jinými horkými kovy,-,-,-,-,-,-,-,-,-,-,-,-,-,-,-,-,-,-,-,-,-,-,-
X19,Kontakt s jiným a neurčeným horkem a horkými látkami,6,-,-,-,-,-,-,1,-,-,-,1,-,-,-,-,2,-,1,-,-,-,1
,,,,,,,,,,,,,,,,,,,,,,,,
,Kontakt s jedovatými živočichy a rostlinami      X20 - X29,2,-,-,-,-,-,-,-,-,-,-,-,-,1,-,1,-,-,-,-,-,-,-
X20,Kontakt s jedovatými hady a ještěrkami,-,-,-,-,-,-,-,-,-,-,-,-,-,-,-,-,-,-,-,-,-,-,-
X21,Kontakt s jedovatými pavouky,-,-,-,-,-,-,-,-,-,-,-,-,-,-,-,-,-,-,-,-,-,-,-
X22,Kontakt se štíry (škorpiony),-,-,-,-,-,-,-,-,-,-,-,-,-,-,-,-,-,-,-,-,-,-,-
X23,"Kontakt se sršni,vosami a včelami",2,-,-,-,-,-,-,-,-,-,-,-,-,1,-,1,-,-,-,-,-,-,-
X24,Kontakt se stonožkami a jedovatými [tropickými] stonožkami,-,-,-,-,-,-,-,-,-,-,-,-,-,-,-,-,-,-,-,-,-,-,-
X25,Kontakt s jinými určenými jedovatými členovci,-,-,-,-,-,-,-,-,-,-,-,-,-,-,-,-,-,-,-,-,-,-,-
X26,Kontakt s jedovatým mořským živočichem a rostlinou,-,-,-,-,-,-,-,-,-,-,-,-,-,-,-,-,-,-,-,-,-,-,-
X27,Kontakt s jinými určenými jedovatými živočichy,-,-,-,-,-,-,-,-,-,-,-,-,-,-,-,-,-,-,-,-,-,-,-
X28,Kontakt s jinými určenými jedovatými rostlinami,-,-,-,-,-,-,-,-,-,-,-,-,-,-,-,-,-,-,-,-,-,-,-
X29,Kontakt s neurčeným jedovatým živočichem nebo rostlinou,-,-,-,-,-,-,-,-,-,-,-,-,-,-,-,-,-,-,-,-,-,-,-
,,,,,,,,,,,,,,,,,,,,,,,,
,Vystavení přírodním silám       X30 - X39,53,-,-,-,-,-,-,-,2,3,2,2,1,5,8,6,7,2,6,3,4,1,1
X30,Vystavení nadměrnému přírodnímu horku,-,-,-,-,-,-,-,-,-,-,-,-,-,-,-,-,-,-,-,-,-,-,-
X31,Vystavení nadměrnému přírodnímu chladu,52,-,-,-,-,-,-,-,2,2,2,2,1,5,8,6,7,2,6,3,4,1,1
X32,Vystavení slunečnímu záření,-,-,-,-,-,-,-,-,-,-,-,-,-,-,-,-,-,-,-,-,-,-,-
X33,Oběť blesku,1,-,-,-,-,-,-,-,-,1,-,-,-,-,-,-,-,-,-,-,-,-,-
X34,Oběť zemětřesení,-,-,-,-,-,-,-,-,-,-,-,-,-,-,-,-,-,-,-,-,-,-,-
X35,Oběť výbuchu sopky,-,-,-,-,-,-,-,-,-,-,-,-,-,-,-,-,-,-,-,-,-,-,-
X36,"Oběť laviny, sesuvu půdy a jiných zemských pohybů",-,-,-,-,-,-,-,-,-,-,-,-,-,-,-,-,-,-,-,-,-,-,-
X37,Oběť přírodní katastrofické bouře,-,-,-,-,-,-,-,-,-,-,-,-,-,-,-,-,-,-,-,-,-,-,-
X38,Oběť povodně (záplavy),-,-,-,-,-,-,-,-,-,-,-,-,-,-,-,-,-,-,-,-,-,-,-
X39,Vystavení jiným a neurčeným přírodním silám,-,-,-,-,-,-,-,-,-,-,-,-,-,-,-,-,-,-,-,-,-,-,-
,,,,,,,,,,,,,,,,,,,,,,,,
,Náhodná otrava škodlivými látkami      X40 - X49,209,-,-,-,-,-,1,4,10,23,18,19,18,26,27,30,15,6,3,2,4,1,2
X40,"Náhodná otrava neopiátovými analgetiky, antipyretiky a antirevmatiky a expozice jejich působení",-,-,-,-,-,-,-,-,-,-,-,-,-,-,-,-,-,-,-,-,-,-,-
X41,"Náhodná otrava antiepileptiky, sedativy-hypnotiky, antiparkinsoniky, psychotropními léky a expozice, nezařazená jinde",14,-,-,-,-,-,-,2,1,1,2,3,1,2,-,1,-,-,-,-,-,-,1
X42,"Náhodná otrava narkotiky a psychodysleptiky [halucinogeny] a expozice jejich působení, nezařazená jinde",18,-,-,-,-,-,-,-,1,7,2,3,2,1,-,2,-,-,-,-,-,-,-
X43,Náhodná otrava jinými léčivy působícími na autonomní nervovou soustavu a expozice jejich působení,-,-,-,-,-,-,-,-,-,-,-,-,-,-,-,-,-,-,-,-,-,-,-
X44,"Náhodná otrava jinými a neurčenými léky, léčivy, návykovými a biologickými látkami a expozice jejich působení",18,-,-,-,-,-,-,-,1,4,2,-,-,3,1,2,1,1,1,-,2,-,-
X45,Náhodná otrava alkoholem a expozice jeho působení,76,-,-,-,-,-,-,-,-,4,5,6,8,11,15,16,8,1,-,-,1,-,1
X46,Náhodná otrava organickými rozpustidly a halogenovanými uhlovodíky a jejich parami a expozice jejich působení,8,-,-,-,-,-,-,-,1,3,-,2,-,-,2,-,-,-,-,-,-,-,-
X47,Náhodná otrava jinými plyny a parami a expozice jejich působení,66,-,-,-,-,-,1,2,5,3,6,4,5,7,8,9,6,4,2,2,1,1,-
X48,Náhodná otrava pesticidy a expozice jejich působení,1,-,-,-,-,-,-,-,-,1,-,-,-,-,-,-,-,-,-,-,-,-,-
X49,Náhodná otrava jinými a neurčenými chemikáliemi a škodlivými látkami a expozice jejich působení,8,-,-,-,-,-,-,-,1,-,1,1,2,2,1,-,-,-,-,-,-,-,-
,,,,,,,,,,,,,,,,,,,,,,,,
,"Přetížení, cestování a strádání       X50 - X57",-,-,-,-,-,-,-,-,-,-,-,-,-,-,-,-,-,-,-,-,-,-,-
X50,Přetížení a namáhavé nebo opakované pohyby,-,-,-,-,-,-,-,-,-,-,-,-,-,-,-,-,-,-,-,-,-,-,-
X51,Cestování a pohyb,-,-,-,-,-,-,-,-,-,-,-,-,-,-,-,-,-,-,-,-,-,-,-
X52,Prodloužený pobyt v beztížném prostředí,-,-,-,-,-,-,-,-,-,-,-,-,-,-,-,-,-,-,-,-,-,-,-
X53,Nedostatek potravy,-,-,-,-,-,-,-,-,-,-,-,-,-,-,-,-,-,-,-,-,-,-,-
X54,Nedostatek vody,-,-,-,-,-,-,-,-,-,-,-,-,-,-,-,-,-,-,-,-,-,-,-
X57,Neurčené strádání,-,-,-,-,-,-,-,-,-,-,-,-,-,-,-,-,-,-,-,-,-,-,-
,,,,,,,,,,,,,,,,,,,,,,,,
,Náhodné vystavení jiným a neurčeným faktorům      X58 - X59,249,-,-,-,-,-,1,-,7,7,8,7,10,21,27,21,40,21,11,24,21,9,14
X58,Vystavení jiným  určeným faktorům,-,-,-,-,-,-,-,-,-,-,-,-,-,-,-,-,-,-,-,-,-,-,-
X59,Vystavení neurčeným faktorům,249,-,-,-,-,-,1,-,7,7,8,7,10,21,27,21,40,21,11,24,21,9,14
,,,,,,,,,,,,,,,,,,,,,,,,
SE,Úmyslné sebepoškození         X60 - X84,1285,-,-,-,-,-,-,3,47,97,79,94,86,118,159,146,94,68,59,81,72,43,39
X60,"Úmyslné sebeotrávení neopiátovými analgetiky, antipyretiky a antirevmatiky a expozice jejich působení",1,-,-,-,-,-,-,-,-,-,-,-,-,-,1,-,-,-,-,-,-,-,-
X61,"Úmyslné sebeotrávení antiepileptiky, sedativy-hypnotiky, antiparkinsoniky, psychotropními léky a expozice, nezařazené jinde",20,-,-,-,-,-,-,-,-,1,1,4,4,1,2,3,2,-,-,1,1,-,-
X62,"Úmyslné sebeotrávení narkotiky a psychodysleptiky [halucinogeny] a expozice jejich působení, nezařazené jinde",3,-,-,-,-,-,-,-,1,-,-,1,-,-,-,-,-,1,-,-,-,-,-
X63,Úmyslné sebeotrávení jinými léčivy působícími na autonomní nervovou soustavu a expozice jejich působení,-,-,-,-,-,-,-,-,-,-,-,-,-,-,-,-,-,-,-,-,-,-,-
X64,"Úmyslné sebeotrávení jinými a neurčenými léky, léčivy, návykovými a biologickými látkami a expozice jejich působení",45,-,-,-,-,-,-,-,1,5,4,5,4,2,8,5,5,1,1,1,-,2,1
X65,Úmyslné sebeotrávení alkoholem a expozice jeho působení,3,-,-,-,-,-,-,-,-,-,-,1,-,-,-,-,2,-,-,-,-,-,-
X66,Úmyslné sebeotrávení organickými rozpustidly a halogenovanými uhlovodíky a jejich parami a expozice jejich působení,4,-,-,-,-,-,-,-,-,1,2,-,-,1,-,-,-,-,-,-,-,-,-
X67,Úmyslné sebeotrávení jinými plyny a parami a expozice jejich působení,33,-,-,-,-,-,-,-,1,1,2,4,4,7,5,4,1,2,1,1,-,-,-
X68,Úmyslné sebeotrávení pesticidy a expozice jejich působení,1,-,-,-,-,-,-,-,-,-,-,-,1,-,-,-,-,-,-,-,-,-,-
X69,Úmyslné sebeotrávení jinými a neurčenými chemikáliemi a škodlivými látkami a expozice jejich působení,7,-,-,-,-,-,-,-,1,3,-,-,1,-,1,-,1,-,-,-,-,-,-
X70,"Úmyslné sebepoškození oběšením, [u]škrcením a [za]dušením",805,-,-,-,-,-,-,1,26,56,39,56,52,75,101,93,53,47,40,51,54,31,30
X71,Úmyslné sebepoškození (u)topením a potopením,10,-,-,-,-,-,-,-,-,1,-,1,-,-,-,1,3,-,2,1,1,-,-
X72,"Úmyslné sebepoškození výstřelem z pistole, revolveru",73,-,-,-,-,-,-,-,2,8,9,9,2,7,9,9,4,5,1,6,1,1,-
X73,"Úmyslné sebepoškození výstřelem z pušky, brokovnice a větší ruční střelné zbraně",24,-,-,-,-,-,-,-,2,2,2,-,3,1,4,2,3,1,2,-,2,-,-
X74,Úmyslné sebepoškození výstřelem z jiné a neurčené střelné zbraně,80,-,-,-,-,-,-,1,2,7,7,3,8,6,8,9,5,8,4,8,2,2,-
X75,Úmyslné sebepoškození výbušnou látkou,2,-,-,-,-,-,-,-,-,-,-,-,-,-,-,1,1,-,-,-,-,-,-
X76,"Úmyslné sebepoškození kouřem, dýmem a ohněm",5,-,-,-,-,-,-,-,-,2,-,-,-,2,1,-,-,-,-,-,-,-,-
X77,"Úmyslné sebepoškození vodní parou, horkými výpary a horkými předměty",-,-,-,-,-,-,-,-,-,-,-,-,-,-,-,-,-,-,-,-,-,-,-
X78,Úmyslné sebepoškození ostrým předmětem,42,-,-,-,-,-,-,-,-,1,2,3,1,7,3,8,4,1,2,3,3,1,3
X79,Úmyslné sebepoškození tupým předmětem,-,-,-,-,-,-,-,-,-,-,-,-,-,-,-,-,-,-,-,-,-,-,-
X80,Úmyslné sebepoškození skokem s výše,84,-,-,-,-,-,-,-,6,7,8,4,3,4,11,3,7,2,6,6,8,5,4
X81,Úmyslné sebepoškození skokem nebo lehnutím si před pohybující se předmět,19,-,-,-,-,-,-,-,3,-,2,2,1,2,1,4,2,-,-,1,-,-,1
X82,Úmyslné sebepoškození havárií motorového vozidla,1,-,-,-,-,-,-,-,-,-,-,-,-,-,-,1,-,-,-,-,-,-,-
X83,Úmyslné sebepoškození jinými určenými prostředky,5,-,-,-,-,-,-,-,1,-,-,-,-,1,1,1,1,-,-,-,-,-,-
X84,Úmyslné sebepoškození neurčenými prostředky,18,-,-,-,-,-,-,1,1,2,1,1,2,2,3,2,-,-,-,2,-,1,-
,,,,,,,,,,,,,,,,,,,,,,,,
NA,Napadení [útok]           X85 - Y09,98,2,1,-,-,-,1,-,2,10,10,12,9,15,9,14,4,2,3,1,2,-,-
X85,"Napadení léky, léčivy, návykovými a biologickými látkami",-,-,-,-,-,-,-,-,-,-,-,-,-,-,-,-,-,-,-,-,-,-,-
X86,Napadení žíravou látkou,-,-,-,-,-,-,-,-,-,-,-,-,-,-,-,-,-,-,-,-,-,-,-
X87,Napadení pesticidy,-,-,-,-,-,-,-,-,-,-,-,-,-,-,-,-,-,-,-,-,-,-,-
X88,Napadení plyny a parami,-,-,-,-,-,-,-,-,-,-,-,-,-,-,-,-,-,-,-,-,-,-,-
X89,Napadení jinými určenými chemikáliemi a škodlivými látkami,1,-,-,-,-,-,-,-,-,-,-,1,-,-,-,-,-,-,-,-,-,-,-
X90,Napadení neurčenou chemickou nebo škodlivou látkou,-,-,-,-,-,-,-,-,-,-,-,-,-,-,-,-,-,-,-,-,-,-,-
X91,"Napadení oběšením, (u)škrcením a (za)dušením",8,-,-,-,-,-,-,-,-,1,1,-,1,1,1,-,-,1,1,-,1,-,-
X92,Napadení (u)topením a potopením,2,-,1,-,-,-,-,-,-,-,-,-,1,-,-,-,-,-,-,-,-,-,-
X93,"Napadení výstřelem z pistole, revolveru",23,-,-,-,-,-,-,-,-,5,6,3,3,2,1,1,1,-,-,1,-,-,-
X94,"Napadení výstřelem z pušky, brokovnice a větší ruční střelné zbraně",-,-,-,-,-,-,-,-,-,-,-,-,-,-,-,-,-,-,-,-,-,-,-
X95,Napadení výstřelem z jiné a neurčené střelné zbraně,13,-,-,-,-,-,1,-,-,2,-,2,1,3,1,3,-,-,-,-,-,-,-
X96,Napadení výbušnou látkou,-,-,-,-,-,-,-,-,-,-,-,-,-,-,-,-,-,-,-,-,-,-,-
X97,"Napadení kouřem, dýmem a ohněm",-,-,-,-,-,-,-,-,-,-,-,-,-,-,-,-,-,-,-,-,-,-,-
X98,"Napadení vodní parou, horkými výpary a horkými předměty",-,-,-,-,-,-,-,-,-,-,-,-,-,-,-,-,-,-,-,-,-,-,-
X99,Napadení ostrým předmětem,30,-,-,-,-,-,-,-,2,1,2,3,2,9,2,5,2,1,1,-,-,-,-
Y00,Napadení tupým předmětem,1,-,-,-,-,-,-,-,-,-,-,-,-,-,-,1,-,-,-,-,-,-,-
Y01,Napadení shozením s výše,-,-,-,-,-,-,-,-,-,-,-,-,-,-,-,-,-,-,-,-,-,-,-
Y02,Napadení strčením nebo umístěním oběti před pohybující se předmět,-,-,-,-,-,-,-,-,-,-,-,-,-,-,-,-,-,-,-,-,-,-,-
Y03,Napadení zasažením motorovým vozidlem,-,-,-,-,-,-,-,-,-,-,-,-,-,-,-,-,-,-,-,-,-,-,-
Y04,Napadení tělesnou silou,6,-,-,-,-,-,-,-,-,-,1,-,-,-,1,2,1,-,1,-,-,-,-
Y05,Sexuální napadení s použitím tělesné síly,-,-,-,-,-,-,-,-,-,-,-,-,-,-,-,-,-,-,-,-,-,-,-
Y06,Zanedbání a opuštění,-,-,-,-,-,-,-,-,-,-,-,-,-,-,-,-,-,-,-,-,-,-,-
Y07,Jiné syndromy špatného zacházení,1,-,-,-,-,-,-,-,-,-,-,-,-,-,-,1,-,-,-,-,-,-,-
Y08,Napadení jinými určenými způsoby,1,-,-,-,-,-,-,-,-,-,-,-,-,-,-,1,-,-,-,-,-,-,-
Y09,Napadení neurčenými způsoby,11,2,-,-,-,-,-,-,-,1,-,3,1,-,3,-,-,-,-,-,1,-,-
,,,,,,,,,,,,,,,,,,,,,,,,
,Případ [událost] nezjištěného úmyslu      Y10 - Y34,206,1,-,-,-,-,2,3,9,23,17,14,15,11,24,24,10,14,10,11,10,4,4
Y10,"Otrava neopiátovými analgetiky, antipyretiky a antirevmatiky a expozice jejich působení, nezjištěného úmyslu",-,-,-,-,-,-,-,-,-,-,-,-,-,-,-,-,-,-,-,-,-,-,-
Y11,"Otrava antiepileptiky, sedativy-hypnotiky, antiparkinsoniky a psychotropními léky a expozice nezařazená jinde, nezjištěného úmyslu",2,-,-,-,-,-,-,-,-,-,-,-,-,1,1,-,-,-,-,-,-,-,-
Y12,"Otrava narkotiky a psychodysleptiky [halucinogeny] a expozice jejich působení,nezařazená jinde, nezjištěného úmyslu",2,-,-,-,-,-,-,-,-,1,-,-,1,-,-,-,-,-,-,-,-,-,-
Y13,"Otrava jinými léčivy působícími na autonomní nervovou soustavu, a expozice jejich působení, nezjištěného úmyslu",-,-,-,-,-,-,-,-,-,-,-,-,-,-,-,-,-,-,-,-,-,-,-
Y14,"Otrava jinými a neurčenými léky, léčivy, návykovými a biologickými látkami a expozice jejich působení, nezjištěného úmyslu",17,-,-,-,-,-,-,1,1,5,1,1,1,-,3,2,-,1,1,-,-,-,-
Y15,"Otrava alkoholem a expozice jeho působení, nezjištěného úmyslu",8,-,-,-,-,-,-,-,-,-,1,2,-,-,1,4,-,-,-,-,-,-,-
Y16,"Otrava organickými rozpustidly a halogenovanými uhlovodíky a jejich parami a expozice jejich působení, nezjištěného úmyslu",2,-,-,-,-,-,-,-,1,-,-,1,-,-,-,-,-,-,-,-,-,-,-
Y17,"Otrava jinými plyny a parami a expozice jejich působení, nezjištěného úmyslu",3,-,-,-,-,-,-,-,-,-,-,-,-,-,1,-,1,1,-,-,-,-,-
Y18,"Otrava pesticidy a expozice jejich působení, nezjištěného úmyslu",-,-,-,-,-,-,-,-,-,-,-,-,-,-,-,-,-,-,-,-,-,-,-
Y19,"Otrava jinými a neurčenými chemikáliemi a škodlivými látkami a expozice jejich působení, nezjištěného úmyslu",5,-,-,-,-,-,-,-,-,2,1,-,-,-,-,-,1,-,-,1,-,-,-
Y20,"Oběšení, (u)škrcení a (za)dušení, nezjištěného úmyslu",13,1,-,-,-,-,-,2,-,-,5,-,-,2,1,-,-,-,-,-,1,-,1
Y21,"(U)topení a potopení, nezjištěného úmyslu",13,-,-,-,-,-,1,-,1,1,-,2,1,-,3,1,-,-,1,-,1,-,1
Y22,"Výstřel z pistole, revolveru, nezjištěného úmyslu",7,-,-,-,-,-,-,-,-,-,1,-,1,2,1,1,-,-,1,-,-,-,-
Y23,"Výstřel z pušky, brokovnice a větší ruční střelné zbraně. nezjištěného úmyslu",1,-,-,-,-,-,-,-,-,-,-,-,-,-,-,-,-,-,1,-,-,-,-
Y24,"Výstřel z jiné a neurčené střelné zbraně, nezjištěného úmyslu",2,-,-,-,-,-,-,-,-,1,-,-,-,-,-,-,-,-,-,1,-,-,-
Y25,"Kontakt s výbušnou látkou, nezjištěného úmyslu",-,-,-,-,-,-,-,-,-,-,-,-,-,-,-,-,-,-,-,-,-,-,-
Y26,"Vystavení kouři, dýmu a ohni, nezjištěného úmyslu",2,-,-,-,-,-,-,-,-,-,-,-,1,-,-,-,-,1,-,-,-,-,-
Y27,"Kontakt s vodní párou, horkými výpary a horkými předměty. nezjištěného úmyslu",-,-,-,-,-,-,-,-,-,-,-,-,-,-,-,-,-,-,-,-,-,-,-
Y28,"Kontakt s ostrým předmětem, nezjištěného úmyslu",1,-,-,-,-,-,-,-,-,1,-,-,-,-,-,-,-,-,-,-,-,-,-
Y29,"Kontakt s tupým předmětem, nezjištěného úmyslu",2,-,-,-,-,-,-,-,-,1,-,-,-,-,1,-,-,-,-,-,-,-,-
Y30,"Pád, skok nebo strčení s výšky, nezjištěného úmyslu",9,-,-,-,-,-,-,-,-,1,4,-,2,-,-,-,1,-,-,-,-,1,-
Y31,"Pád, položení nebo vběhnutí před nebo do pohybující[ho] se předmět[u], nezjištěného úmyslu",-,-,-,-,-,-,-,-,-,-,-,-,-,-,-,-,-,-,-,-,-,-,-
Y32,"Nehoda motorového vozidla, nezjištěného úmyslu",1,-,-,-,-,-,-,-,-,-,-,-,-,-,1,-,-,-,-,-,-,-,-
Y33,"Jiné určené případy (události), nezjištěného úmyslu",-,-,-,-,-,-,-,-,-,-,-,-,-,-,-,-,-,-,-,-,-,-,-
Y34,"Neurčený případ (událost), nezjištěného úmyslu",116,-,-,-,-,-,1,-,6,10,4,8,8,6,11,16,7,11,6,9,8,3,2
,,,,,,,,,,,,,,,,,,,,,,,,
,Zákonný zákrok a válečné operace       Y35 - Y36,1,-,-,-,-,-,-,-,-,-,-,1,-,-,-,-,-,-,-,-,-,-,-
Y35,Zákonný zákrok,1,-,-,-,-,-,-,-,-,-,-,1,-,-,-,-,-,-,-,-,-,-,-
Y36,Válečné operace,-,-,-,-,-,-,-,-,-,-,-,-,-,-,-,-,-,-,-,-,-,-,-
,,,,,,,,,,,,,,,,,,,,,,,,
,Komplikace zdravotní péče        Y40 - Y84,3,-,-,-,-,-,-,-,-,-,-,-,-,-,-,-,-,-,-,-,2,1,-
Y40,Systémová antibiotika,-,-,-,-,-,-,-,-,-,-,-,-,-,-,-,-,-,-,-,-,-,-,-
Y41,Jiné systémové protiinfekční a protiparazitární prostředky,-,-,-,-,-,-,-,-,-,-,-,-,-,-,-,-,-,-,-,-,-,-,-
Y42,"Hormony a jejich syntetické náhrady a antagonisté, nezařazené[-í] jinde",-,-,-,-,-,-,-,-,-,-,-,-,-,-,-,-,-,-,-,-,-,-,-
Y43,Prostředky působící přímo na celý organismus,-,-,-,-,-,-,-,-,-,-,-,-,-,-,-,-,-,-,-,-,-,-,-
Y44,Prostředky působící primárně na krevní složky,-,-,-,-,-,-,-,-,-,-,-,-,-,-,-,-,-,-,-,-,-,-,-
Y45,"Analgetika, antipyretika a protizánětlivá léčiva",-,-,-,-,-,-,-,-,-,-,-,-,-,-,-,-,-,-,-,-,-,-,-
Y46,Antiepileptika a antiparkinsonická léčiva,-,-,-,-,-,-,-,-,-,-,-,-,-,-,-,-,-,-,-,-,-,-,-
Y47,"Sedativa, hypnotika a antianxiózní léčiva",-,-,-,-,-,-,-,-,-,-,-,-,-,-,-,-,-,-,-,-,-,-,-
Y48,Anestetika a terapeutické plyny,-,-,-,-,-,-,-,-,-,-,-,-,-,-,-,-,-,-,-,-,-,-,-
Y49,"Psychotropní léčiva, nezařazená jinde",-,-,-,-,-,-,-,-,-,-,-,-,-,-,-,-,-,-,-,-,-,-,-
Y50,"Stimulancia centrální nervové soustavy, nezařazená jinde",-,-,-,-,-,-,-,-,-,-,-,-,-,-,-,-,-,-,-,-,-,-,-
Y51,Léčiva působící primárně na autonomní nervovou soustavu,-,-,-,-,-,-,-,-,-,-,-,-,-,-,-,-,-,-,-,-,-,-,-
Y52,Prostředky působící primárně na kardiovaskulární soustavu,-,-,-,-,-,-,-,-,-,-,-,-,-,-,-,-,-,-,-,-,-,-,-
Y53,Prostředky působící primárně na gastrointestinální soustavu,-,-,-,-,-,-,-,-,-,-,-,-,-,-,-,-,-,-,-,-,-,-,-
Y54,"Prostředky působící primárně na vodní rovnováhu, přeměnu minerálů a metabolismus kyseliny močové",-,-,-,-,-,-,-,-,-,-,-,-,-,-,-,-,-,-,-,-,-,-,-
Y55,Prostředky působící primárně na hladké a kosterní svalstvo a dýchací soustavu,-,-,-,-,-,-,-,-,-,-,-,-,-,-,-,-,-,-,-,-,-,-,-
Y56,"Lokální prostředky působící primárně na kůži a sliznici a léčiva oční ušní, nosní, krční a zubní",-,-,-,-,-,-,-,-,-,-,-,-,-,-,-,-,-,-,-,-,-,-,-
Y57,"Jiné a neurčené léky, léčiva a návykové látky",-,-,-,-,-,-,-,-,-,-,-,-,-,-,-,-,-,-,-,-,-,-,-
Y58,Očkovací látky proti bakteriím,-,-,-,-,-,-,-,-,-,-,-,-,-,-,-,-,-,-,-,-,-,-,-
Y59,Jiné a neurčené očkovací a biologické látky,-,-,-,-,-,-,-,-,-,-,-,-,-,-,-,-,-,-,-,-,-,-,-
Y60,"Neúmyslné říznutí, píchnutí, perforace nebo krvácení při zdravotní péči",1,-,-,-,-,-,-,-,-,-,-,-,-,-,-,-,-,-,-,-,1,-,-
Y61,Cizí těleso náhodně ponechané v těle při zdravotní péči,-,-,-,-,-,-,-,-,-,-,-,-,-,-,-,-,-,-,-,-,-,-,-
Y62,Selhání sterilizačních opatření při zdravotní péči,-,-,-,-,-,-,-,-,-,-,-,-,-,-,-,-,-,-,-,-,-,-,-
Y63,Chyba v dávkování při zdravotní péči,-,-,-,-,-,-,-,-,-,-,-,-,-,-,-,-,-,-,-,-,-,-,-
Y64,Kontaminované léčebné a biologické látky,-,-,-,-,-,-,-,-,-,-,-,-,-,-,-,-,-,-,-,-,-,-,-
Y65,Jiné nehody při zdravotní péči,-,-,-,-,-,-,-,-,-,-,-,-,-,-,-,-,-,-,-,-,-,-,-
Y66,Neposkytnutí lékařské péče [operační a léčebné],-,-,-,-,-,-,-,-,-,-,-,-,-,-,-,-,-,-,-,-,-,-,-
Y69,Neurčená nehoda při zdravotní péči,-,-,-,-,-,-,-,-,-,-,-,-,-,-,-,-,-,-,-,-,-,-,-
Y70,Nežádoucí příhody související s anesteziologickými přístroji [pomůckami],-,-,-,-,-,-,-,-,-,-,-,-,-,-,-,-,-,-,-,-,-,-,-
Y71,Nežádoucí příhody související s kardiovaskulárními přístroji (pomůckami),-,-,-,-,-,-,-,-,-,-,-,-,-,-,-,-,-,-,-,-,-,-,-
Y72,"Nežádoucí příhody související s ušními, nosními, krčními přístroji (pomůckami)",-,-,-,-,-,-,-,-,-,-,-,-,-,-,-,-,-,-,-,-,-,-,-
Y73,Nežádoucí příhody související s gastroenterologickými a urologickými přístroji [pomůckami],-,-,-,-,-,-,-,-,-,-,-,-,-,-,-,-,-,-,-,-,-,-,-
Y74,Nežádoucí příhody související s přístroji [pomůckami] pro celkové nemocniční a osobní použití,-,-,-,-,-,-,-,-,-,-,-,-,-,-,-,-,-,-,-,-,-,-,-
Y75,Nežádoucí příhody související s neurologickými přístroji [pomůckami],-,-,-,-,-,-,-,-,-,-,-,-,-,-,-,-,-,-,-,-,-,-,-
Y76,Nežádoucí příhody související s porodnickými a gynekologickými přístroji [pomůckami],-,-,-,-,-,-,-,-,-,-,-,-,-,-,-,-,-,-,-,-,-,-,-
Y77,Nežádoucí příhody související s očními přístroji (pomůckami),-,-,-,-,-,-,-,-,-,-,-,-,-,-,-,-,-,-,-,-,-,-,-
Y78,Nežádoucí příhody související s radiologickými přístroji [pomůckami],-,-,-,-,-,-,-,-,-,-,-,-,-,-,-,-,-,-,-,-,-,-,-
Y79,Nežádoucí příhody související s ortopedickými přístroji [pomůckami],-,-,-,-,-,-,-,-,-,-,-,-,-,-,-,-,-,-,-,-,-,-,-
Y80,Nežádoucí příhody související s přístroji [pomůckami] fyzikální medicíny,-,-,-,-,-,-,-,-,-,-,-,-,-,-,-,-,-,-,-,-,-,-,-
Y81,Nežádoucí příhody související s přístroji [pomůckami] obecné a plastické chirurgie,-,-,-,-,-,-,-,-,-,-,-,-,-,-,-,-,-,-,-,-,-,-,-
Y82,Nežádoucí příhody související s jinými a neurčenými lékařskými přístroji [pomůckami],-,-,-,-,-,-,-,-,-,-,-,-,-,-,-,-,-,-,-,-,-,-,-
Y83,"Operace a jiné operační výkony jako příčina abnormální reakce nebo pozdější komplikace, bez zmínky o nehodě při výkonu",1,-,-,-,-,-,-,-,-,-,-,-,-,-,-,-,-,-,-,-,1,-,-
Y84,"Jiné vyšetřovací a léčebné výkony jako příčina abnormální reakce pacienta nebo pozdější komplikace, bez zmínky o nehodě při výkonu",1,-,-,-,-,-,-,-,-,-,-,-,-,-,-,-,-,-,-,-,-,1,-
,,,,,,,,,,,,,,,,,,,,,,,,
,Následky vnějších příčin nemocnosti a úmrtnosti (Y85-Y89) ,-,-,-,-,-,-,-,-,-,-,-,-,-,-,-,-,-,-,-,-,-,-,-
Y85,Následky dopravních nehod,-,-,-,-,-,-,-,-,-,-,-,-,-,-,-,-,-,-,-,-,-,-,-
Y86,Následky jiných nehod,-,-,-,-,-,-,-,-,-,-,-,-,-,-,-,-,-,-,-,-,-,-,-
Y87,"Následky úmyslného sebepoškození, napadení [útoku] a případů [událostí] nezjištěného úmyslu",-,-,-,-,-,-,-,-,-,-,-,-,-,-,-,-,-,-,-,-,-,-,-
Y88,Následky při zdravotní péči jako vnější příčině,-,-,-,-,-,-,-,-,-,-,-,-,-,-,-,-,-,-,-,-,-,-,-
Y89,Následky jiných vnějších příčin,-,-,-,-,-,-,-,-,-,-,-,-,-,-,-,-,-,-,-,-,-,-,-